/*
SQLyog Ultimate v11.27 (32 bit)
MySQL - 5.5.37-log : Database - adminlte
*********************************************************************
*/

/*!40101 SET NAMES utf8 */;

/*!40101 SET SQL_MODE=''*/;

/*!40014 SET @OLD_UNIQUE_CHECKS=@@UNIQUE_CHECKS, UNIQUE_CHECKS=0 */;
/*!40014 SET @OLD_FOREIGN_KEY_CHECKS=@@FOREIGN_KEY_CHECKS, FOREIGN_KEY_CHECKS=0 */;
/*!40101 SET @OLD_SQL_MODE=@@SQL_MODE, SQL_MODE='NO_AUTO_VALUE_ON_ZERO' */;
/*!40111 SET @OLD_SQL_NOTES=@@SQL_NOTES, SQL_NOTES=0 */;
CREATE DATABASE /*!32312 IF NOT EXISTS*/`adminlte` /*!40100 DEFAULT CHARACTER SET utf8 */;

USE `adminlte`;

/*Table structure for table `gm_backparam_t` */

DROP TABLE IF EXISTS `gm_backparam_t`;

CREATE TABLE `gm_backparam_t` (
  `id` varchar(50) NOT NULL COMMENT '主键',
  `number` varchar(50) NOT NULL COMMENT '参数编号',
  `name` varchar(50) NOT NULL COMMENT '参数名称',
  `data` varchar(20) NOT NULL DEFAULT '' COMMENT '数值',
  `createdate` datetime DEFAULT NULL COMMENT '创建时间',
  `lastupdate` datetime DEFAULT NULL COMMENT '修改时间',
  `auto` varchar(50) DEFAULT NULL COMMENT '是否开启自动',
  `remark` varchar(300) DEFAULT '' COMMENT '备注',
  PRIMARY KEY (`id`)
) ENGINE=InnoDB DEFAULT CHARSET=utf8 COMMENT='后台参数表';

/*Data for the table `gm_backparam_t` */

insert  into `gm_backparam_t`(`id`,`number`,`name`,`data`,`createdate`,`lastupdate`,`auto`,`remark`) values ('35226de901414d08aed14c7590ad35ee','003','赔率','1.9','2018-09-12 17:11:09','2018-09-12 17:11:09','1',''),('746673e24b3d4164922876a1272b9ef8','001','注册积分','1000,2000,3000,4000','2018-09-12 17:09:41','2018-09-12 17:09:41','1',''),('a042c3b9acc24fb7996d9b881b9b2cc6','005','返还积分','10','2018-09-12 17:15:10','2018-09-12 17:15:10','1',''),('b26719555bbe4d04a761f1f9a68891bd','004','任务积分','10000','2018-09-12 17:14:41','2018-09-12 17:14:41','1',''),('f780fcb80ce54385a3259893ec44d31d','002','注册积分抵押','50','2018-09-12 17:10:35','2018-09-12 17:10:35','1','');

/*Table structure for table `gm_business_t` */

DROP TABLE IF EXISTS `gm_business_t`;

CREATE TABLE `gm_business_t` (
  `id` int(11) NOT NULL AUTO_INCREMENT COMMENT '主键',
  `userid` varchar(100) DEFAULT NULL COMMENT '卖方ID',
  `sellername` varchar(100) DEFAULT NULL COMMENT '卖方名字',
  `sellweixin` varchar(100) DEFAULT NULL COMMENT '微信收款码',
  `sellali` varchar(100) DEFAULT NULL COMMENT '支付宝收款码',
  `sellcard` varchar(100) DEFAULT NULL COMMENT '卖方卡号',
  `selljf` int(10) DEFAULT NULL COMMENT '卖积分',
  `buytime` timestamp NULL DEFAULT NULL COMMENT '购买时间',
  `configtime` timestamp NULL DEFAULT NULL COMMENT '待完成时间',
  `finishtime` timestamp NULL DEFAULT NULL COMMENT '完成时间',
  `status` varchar(100) DEFAULT NULL COMMENT '状态',
  `buyercard` varchar(100) DEFAULT NULL COMMENT '买方卡号',
  `buyerid` int(10) DEFAULT NULL COMMENT '买方ID',
  `buyeraccount` varchar(100) DEFAULT NULL COMMENT '买方账号',
  `create_date` timestamp NULL DEFAULT NULL COMMENT '创建时间',
  `lastup_date` timestamp NULL DEFAULT NULL COMMENT '最后更新时间',
  PRIMARY KEY (`id`)
) ENGINE=InnoDB AUTO_INCREMENT=12 DEFAULT CHARSET=utf8;

/*Data for the table `gm_business_t` */

insert  into `gm_business_t`(`id`,`userid`,`sellername`,`sellweixin`,`sellali`,`sellcard`,`selljf`,`buytime`,`configtime`,`finishtime`,`status`,`buyercard`,`buyerid`,`buyeraccount`,`create_date`,`lastup_date`) values (1,'1','张聪聪','image','image','123123',100,'2018-10-05 12:04:50','2018-10-06 12:04:50','2018-09-13 16:16:19','2',NULL,1,'lili','2018-09-13 16:16:39','2018-10-05 20:04:50'),(2,'4','李莉',NULL,NULL,NULL,100,'2018-09-28 00:49:25','2018-09-29 00:49:23','2018-09-28 00:59:07','3',NULL,5,NULL,'2018-09-28 00:37:53','2018-09-28 00:59:52'),(3,'4','李莉',NULL,NULL,NULL,100,'2018-09-28 01:03:05','2018-09-29 01:03:05','2018-09-28 01:03:25','3',NULL,5,NULL,'2018-09-28 00:42:20','2018-09-28 01:03:23'),(6,'3',NULL,NULL,NULL,NULL,1000,'2018-09-29 00:50:15','2018-09-30 00:50:15','2018-09-29 01:05:38','3','123456',1,NULL,'2018-09-29 00:44:13','2018-09-29 01:06:09'),(7,'1','1111',NULL,NULL,NULL,123,NULL,NULL,NULL,'1',NULL,NULL,NULL,'2018-10-05 20:57:06',NULL),(8,'1','1111',NULL,NULL,NULL,1,NULL,NULL,NULL,'1',NULL,NULL,NULL,'2018-10-05 21:01:31',NULL),(9,'1','1111',NULL,NULL,NULL,1,NULL,NULL,NULL,'1',NULL,NULL,NULL,'2018-10-05 21:02:58',NULL),(10,'1','1111',NULL,NULL,NULL,1,NULL,NULL,NULL,'1',NULL,NULL,NULL,'2018-10-05 21:02:58',NULL),(11,'1','4333',NULL,NULL,NULL,100,NULL,NULL,NULL,'1',NULL,NULL,NULL,'2018-10-09 22:26:16',NULL);

/*Table structure for table `gm_changecenter_t` */

DROP TABLE IF EXISTS `gm_changecenter_t`;

CREATE TABLE `gm_changecenter_t` (
  `id` int(11) NOT NULL AUTO_INCREMENT COMMENT '主键',
  `type` varchar(100) DEFAULT NULL COMMENT '转换类型in/out',
  `status` varchar(100) DEFAULT NULL COMMENT '状态',
  `num` varchar(100) DEFAULT NULL COMMENT '积分数量',
  `userid` varchar(100) DEFAULT NULL COMMENT '用户ID',
  `attribute1` varchar(100) DEFAULT NULL COMMENT '备注1',
  `attribute2` varchar(100) DEFAULT NULL COMMENT '备注2',
  `createdate` timestamp NULL DEFAULT NULL COMMENT '创建时间',
  PRIMARY KEY (`id`)
) ENGINE=InnoDB AUTO_INCREMENT=7 DEFAULT CHARSET=utf8;

/*Data for the table `gm_changecenter_t` */

insert  into `gm_changecenter_t`(`id`,`type`,`status`,`num`,`userid`,`attribute1`,`attribute2`,`createdate`) values (1,'转入','积分转换','1000','3',NULL,NULL,'2018-09-29 00:26:40'),(2,NULL,NULL,NULL,NULL,NULL,NULL,'2018-09-29 00:29:28'),(3,'转出','积分转换','10000','3',NULL,NULL,'2018-09-29 00:38:36'),(4,'转出','积分转换','1000','3',NULL,NULL,'2018-09-29 00:39:54'),(5,'转出','积分转换','100.0','1',NULL,NULL,'2018-10-05 19:37:17'),(6,'转出','积分转换','200.0','1',NULL,NULL,'2018-10-05 19:37:34');

/*Table structure for table `gm_data_t` */

DROP TABLE IF EXISTS `gm_data_t`;

CREATE TABLE `gm_data_t` (
  `id` int(11) NOT NULL AUTO_INCREMENT COMMENT '主键',
  `gmnum` varchar(100) DEFAULT NULL COMMENT '期号',
  `gm1` varchar(100) DEFAULT NULL COMMENT '球1',
  `gm2` varchar(100) DEFAULT NULL COMMENT '球2',
  `gm3` varchar(100) DEFAULT NULL COMMENT '球3',
  `gm4` varchar(100) DEFAULT NULL COMMENT '球4',
  `gm5` varchar(100) DEFAULT NULL COMMENT '球5',
  `gmsum` varchar(100) DEFAULT NULL COMMENT '总和',
  `bgm1` varchar(100) DEFAULT NULL COMMENT '大小1',
  `bgm2` varchar(100) DEFAULT NULL COMMENT '大小2',
  `bgm3` varchar(100) DEFAULT NULL COMMENT '大小3',
  `bgm4` varchar(100) DEFAULT NULL COMMENT '大小4',
  `bgm5` varchar(100) DEFAULT NULL COMMENT '大小5',
  `bgmsum` varchar(100) DEFAULT NULL COMMENT '大小总和',
  `sgm1` varchar(100) DEFAULT NULL COMMENT '单双1',
  `sgm2` varchar(100) DEFAULT NULL COMMENT '单双2',
  `sgm3` varchar(100) DEFAULT NULL COMMENT '单双3',
  `sgm4` varchar(100) DEFAULT NULL COMMENT '单双4',
  `sgm5` varchar(100) DEFAULT NULL COMMENT '单双5',
  `sgmsum` varchar(100) DEFAULT NULL COMMENT '单双总和',
  `create_date` timestamp NULL DEFAULT NULL COMMENT '创建时间',
  `lastup_date` timestamp NULL DEFAULT '0000-00-00 00:00:00' COMMENT '最后更新时间',
  PRIMARY KEY (`id`)
) ENGINE=InnoDB AUTO_INCREMENT=351 DEFAULT CHARSET=utf8;

/*Data for the table `gm_data_t` */

insert  into `gm_data_t`(`id`,`gmnum`,`gm1`,`gm2`,`gm3`,`gm4`,`gm5`,`gmsum`,`bgm1`,`bgm2`,`bgm3`,`bgm4`,`bgm5`,`bgmsum`,`sgm1`,`sgm2`,`sgm3`,`sgm4`,`sgm5`,`sgmsum`,`create_date`,`lastup_date`) values (1,'20180927085','3','6','7','6','0','22','小','大','大','大','小','小','单','双','单','双','双','双','2018-09-27 20:12:48','2018-09-27 20:12:48'),(2,'20180927086','6','9','8','7','3','33','大','大','大','大','小','大','双','单','双','单','单','单','2018-09-27 20:24:57','2018-09-27 20:24:57'),(3,'20180927087','5','0','1','0','5','11','大','小','小','小','大','小','单','双','单','双','单','单','2018-09-27 20:34:57','2018-09-27 20:34:57'),(4,'20180927088','1','4','3','3','6','17','小','小','小','小','大','小','单','双','单','单','双','单','2018-09-27 20:44:57','2018-09-27 20:44:57'),(5,'20180927089','5','7','3','8','3','26','大','大','小','大','小','大','单','单','单','双','单','双','2018-09-27 20:54:57','2018-09-27 20:54:57'),(6,'20180927090','9','0','8','2','8','27','大','小','大','小','大','大','单','双','双','双','双','单','2018-09-27 21:04:58','2018-09-27 21:04:58'),(7,'20180927091','4','9','6','1','0','20','小','大','大','小','小','小','双','单','双','单','双','双','2018-09-27 21:14:57','2018-09-27 21:14:57'),(8,'20180927092','1','4','4','4','4','17','小','小','小','小','小','小','单','双','双','双','双','单','2018-09-27 21:24:57','2018-09-27 21:24:57'),(9,'20180927093','4','8','8','6','7','33','小','大','大','大','大','大','双','双','双','双','单','单','2018-09-27 21:34:57','2018-09-27 21:34:57'),(10,'20180927094','6','5','2','4','8','25','大','大','小','小','大','大','双','单','双','双','双','单','2018-09-27 21:44:57','2018-09-27 21:44:57'),(11,'20180927095','3','6','8','5','0','22','小','大','大','大','小','小','单','双','双','单','双','双','2018-09-27 21:54:57','2018-09-27 21:54:57'),(12,'20180927096','7','7','3','4','8','29','大','大','小','小','大','大','单','单','单','双','双','单','2018-09-27 22:04:57','2018-09-27 22:04:57'),(13,'20180927097','5','6','2','4','9','26','大','大','小','小','大','大','单','双','双','双','单','双','2018-09-27 22:09:57','2018-09-27 22:09:57'),(14,'20180927098','8','6','8','3','9','34','大','大','大','小','大','大','双','双','双','单','单','双','2018-09-27 22:14:57','2018-09-27 22:14:57'),(15,'20180927099','2','2','1','4','5','14','小','小','小','小','大','小','双','双','单','双','单','双','2018-09-27 22:19:57','2018-09-27 22:19:57'),(16,'20180927100','3','0','2','5','9','19','小','小','小','大','大','小','单','双','双','单','单','单','2018-09-27 22:24:57','2018-09-27 22:24:57'),(17,'20180927101','3','0','3','4','0','10','小','小','小','小','小','小','单','双','单','双','双','双','2018-09-27 22:29:57','2018-09-27 22:29:57'),(18,'20180927102','3','7','2','7','6','25','小','大','小','大','大','大','单','单','双','单','双','单','2018-09-27 22:34:57','2018-09-27 22:34:57'),(19,'20180927103','6','4','4','7','1','22','大','小','小','大','小','小','双','双','双','单','单','双','2018-09-27 22:39:57','2018-09-27 22:39:57'),(20,'20180927104','9','8','3','5','3','28','大','大','小','大','小','大','单','双','单','单','单','双','2018-09-27 22:44:57','2018-09-27 22:44:57'),(21,'20180927105','4','5','6','7','1','23','小','大','大','大','小','大','双','单','双','单','单','单','2018-09-27 22:49:57','2018-09-27 22:49:57'),(22,'20180927106','0','2','4','5','9','20','小','小','小','大','大','小','双','双','双','单','单','双','2018-09-27 22:54:57','2018-09-27 22:54:57'),(23,'20180927107','0','1','5','0','2','8','小','小','大','小','小','小','双','单','单','双','双','双','2018-09-27 22:59:57','2018-09-27 22:59:57'),(24,'20180927108','1','8','1','4','1','15','小','大','小','小','小','小','单','双','单','双','单','单','2018-09-27 23:04:57','2018-09-27 23:04:57'),(25,'20180927109','0','9','7','6','0','22','小','大','大','大','小','小','双','单','单','双','双','双','2018-09-27 23:09:57','2018-09-27 23:09:57'),(26,'20180927111','5','9','5','3','4','26','大','大','大','小','小','大','单','单','单','单','双','双','2018-09-27 23:19:57','2018-09-27 23:19:57'),(27,'20180927112','3','4','6','4','1','18','小','小','大','小','小','小','单','双','双','双','单','双','2018-09-27 23:24:57','2018-09-27 23:24:57'),(28,'20180927113','8','0','2','5','2','17','大','小','小','大','小','小','双','双','双','单','双','单','2018-09-27 23:29:57','2018-09-27 23:29:57'),(29,'20180927114','6','1','8','4','5','24','大','小','大','小','大','大','双','单','双','双','单','双','2018-09-27 23:34:57','2018-09-27 23:34:57'),(30,'20180927115','1','1','2','8','4','16','小','小','小','大','小','小','单','单','双','双','双','双','2018-09-27 23:39:57','2018-09-27 23:39:57'),(31,'20180927116','0','4','4','1','9','18','小','小','小','小','大','小','双','双','双','单','单','双','2018-09-27 23:44:57','2018-09-27 23:44:57'),(32,'20180927117','0','1','7','0','3','11','小','小','大','小','小','小','双','单','单','双','单','单','2018-09-27 23:49:57','2018-09-27 23:49:57'),(33,'20180927118','7','4','4','1','7','23','大','小','小','小','大','大','单','双','双','单','单','单','2018-09-27 23:54:57','2018-09-27 23:54:57'),(34,'20180927119','6','1','4','6','6','23','大','小','小','大','大','大','双','单','双','双','双','单','2018-09-27 23:59:57','2018-09-27 23:59:57'),(35,'20180927120','0','7','5','6','4','22','小','大','大','大','小','小','双','单','单','双','双','双','2018-09-28 00:04:57','2018-09-28 00:04:57'),(36,'20180928001','0','3','6','3','9','21','小','小','大','小','大','小','双','单','双','单','单','单','2018-09-28 00:09:57','2018-09-28 00:09:57'),(37,'20180928002','4','7','5','5','4','25','小','大','大','大','小','大','双','单','单','单','双','单','2018-09-28 00:14:57','2018-09-28 00:14:57'),(38,'20180928003','6','5','3','3','5','22','大','大','小','小','大','小','双','单','单','单','单','双','2018-09-28 00:19:57','2018-09-28 00:19:57'),(39,'20180928004','2','0','2','5','8','17','小','小','小','大','大','小','双','双','双','单','双','单','2018-09-28 00:24:57','2018-09-28 00:24:57'),(40,'20180928005','6','1','7','7','9','30','大','小','大','大','大','大','双','单','单','单','单','双','2018-09-28 00:29:57','2018-09-28 00:29:57'),(41,'20180928006','2','8','1','4','9','24','小','大','小','小','大','大','双','双','单','双','单','双','2018-09-28 00:34:57','2018-09-28 00:34:57'),(42,'20180928007','3','7','2','0','0','12','小','大','小','小','小','小','单','单','双','双','双','双','2018-09-28 00:39:57','2018-09-28 00:39:57'),(43,'20180928008','2','3','6','2','4','17','小','小','大','小','小','小','双','单','双','双','双','单','2018-09-28 00:44:57','2018-09-28 00:44:57'),(44,'20180928009','9','7','0','6','4','26','大','大','小','大','小','大','单','单','双','双','双','双','2018-09-28 00:49:57','2018-09-28 00:49:57'),(45,'20180928010','3','3','0','3','3','12','小','小','小','小','小','小','单','单','双','单','单','双','2018-09-28 00:54:57','2018-09-28 00:54:57'),(46,'20180928011','2','9','7','2','5','25','小','大','大','小','大','大','双','单','单','双','单','单','2018-09-28 00:59:57','2018-09-28 00:59:57'),(47,'20180928012','5','9','8','6','6','34','大','大','大','大','大','大','单','单','双','双','双','双','2018-09-28 01:04:57','2018-09-28 01:04:57'),(48,'20180928013','5','8','0','2','3','18','大','大','小','小','小','小','单','双','双','双','单','双','2018-09-28 01:09:57','2018-09-28 01:09:57'),(49,'20180928014','0','7','2','4','0','13','小','大','小','小','小','小','双','单','双','双','双','单','2018-09-28 01:13:25','2018-09-28 01:13:25'),(50,'20180928015','0','1','4','1','9','15','小','小','小','小','大','小','双','单','双','单','单','单','2018-09-28 01:19:57','2018-09-28 01:19:57'),(51,'20180928016','1','1','3','6','2','13','小','小','小','大','小','小','单','单','单','双','双','单','2018-09-28 01:24:57','2018-09-28 01:24:57'),(52,'20180928030','2','1','2','4','0','9','小','小','小','小','小','小','双','单','双','双','双','单','2018-09-28 11:05:34','2018-09-28 11:05:34'),(53,'20180928031','1','7','3','8','2','21','小','大','小','大','小','小','单','单','单','双','双','单','2018-09-28 11:11:34','2018-09-28 11:11:34'),(54,'20180928032','1','0','6','4','3','14','小','小','大','小','小','小','单','双','双','双','单','双','2018-09-28 11:21:34','2018-09-28 11:21:34'),(55,'20180928033','0','3','7','0','6','16','小','小','大','小','大','小','双','单','单','双','双','双','2018-09-28 11:31:34','2018-09-28 11:31:34'),(56,'20180928034','7','1','7','9','1','25','大','小','大','大','小','大','单','单','单','单','单','单','2018-09-28 11:41:34','2018-09-28 11:41:34'),(57,'20180928035','0','0','4','6','8','18','小','小','小','大','大','小','双','双','双','双','双','双','2018-09-28 11:51:36','2018-09-28 11:51:36'),(58,'20180928036','6','6','6','3','7','28','大','大','大','小','大','大','双','双','双','单','单','双','2018-09-28 12:01:34','2018-09-28 12:01:34'),(59,'20180928037','9','3','2','8','4','26','大','小','小','大','小','大','单','单','双','双','双','双','2018-09-28 12:11:34','2018-09-28 12:11:34'),(60,'20180928038','5','5','5','2','0','17','大','大','大','小','小','小','单','单','单','双','双','单','2018-09-28 12:21:34','2018-09-28 12:21:34'),(61,'20180928039','3','3','5','5','9','25','小','小','大','大','大','大','单','单','单','单','单','单','2018-09-28 12:31:34','2018-09-28 12:31:34'),(62,'20180928040','3','1','2','5','1','12','小','小','小','大','小','小','单','单','双','单','单','双','2018-09-28 12:41:34','2018-09-28 12:41:34'),(63,'20180928041','9','4','8','4','5','30','大','小','大','小','大','大','单','双','双','双','单','双','2018-09-28 12:51:34','2018-09-28 12:51:34'),(64,'20180928042','7','4','2','4','8','25','大','小','小','小','大','大','单','双','双','双','双','单','2018-09-28 13:01:34','2018-09-28 13:01:34'),(65,'20180928043','4','0','5','5','3','17','小','小','大','大','小','小','双','双','单','单','单','单','2018-09-28 13:11:35','2018-09-28 13:11:35'),(66,'20180928044','5','6','5','0','2','18','大','大','大','小','小','小','单','双','单','双','双','双','2018-09-28 13:21:35','2018-09-28 13:21:35'),(67,'20180928045','6','1','1','7','4','19','大','小','小','大','小','小','双','单','单','单','双','单','2018-09-28 13:31:35','2018-09-28 13:31:35'),(68,'20180928054','7','7','0','7','9','30','大','大','小','大','大','大','单','单','双','单','单','双','2018-09-28 15:06:45','2018-09-28 15:06:45'),(69,'20180928055','2','2','2','8','3','17','小','小','小','大','小','小','双','双','双','双','单','单','2018-09-28 15:15:38','2018-09-28 15:15:38'),(70,'20180928056','5','4','2','3','0','14','大','小','小','小','小','小','单','双','双','单','双','双','2018-09-28 15:26:56','2018-09-28 15:26:56'),(71,'20180928057','5','1','1','6','6','19','大','小','小','大','大','小','单','单','单','双','双','单','2018-09-28 15:31:36','2018-09-28 15:31:36'),(72,'20180928058','7','1','8','3','4','23','大','小','大','小','小','大','单','单','双','单','双','单','2018-09-28 15:42:12','2018-09-28 15:42:12'),(73,'20180928059','6','4','8','0','8','26','大','小','大','小','大','大','双','双','双','双','双','双','2018-09-28 15:55:45','2018-09-28 15:55:45'),(74,'20180928060','8','0','7','0','4','19','大','小','大','小','小','小','双','双','单','双','双','单','2018-09-28 16:05:57','2018-09-28 16:05:57'),(75,'20180928061','1','1','9','4','8','23','小','小','大','小','大','大','单','单','单','双','双','单','2018-09-28 16:15:41','2018-09-28 16:15:41'),(76,'20180928062','6','3','3','5','7','24','大','小','小','大','大','大','双','单','单','单','单','双','2018-09-28 16:25:37','2018-09-28 16:25:37'),(77,'20180928063','2','2','9','1','0','14','小','小','大','小','小','小','双','双','单','单','双','双','2018-09-28 16:35:37','2018-09-28 16:35:37'),(78,'20180928064','6','6','6','9','2','29','大','大','大','大','小','大','双','双','双','单','双','单','2018-09-28 16:45:37','2018-09-28 16:45:37'),(79,'20180928065','6','4','6','7','6','29','大','小','大','大','大','大','双','双','双','单','双','单','2018-09-28 16:55:37','2018-09-28 16:55:37'),(80,'20180928066','6','5','1','0','7','19','大','大','小','小','大','小','双','单','单','双','单','单','2018-09-28 17:05:37','2018-09-28 17:05:37'),(81,'20180928067','5','4','6','4','1','20','大','小','大','小','小','小','单','双','双','双','单','双','2018-09-28 17:11:11','2018-09-28 17:11:11'),(82,'20180928068','7','1','4','4','5','21','大','小','小','小','大','小','单','单','双','双','单','单','2018-09-28 17:25:37','2018-09-28 17:25:37'),(83,'20180928069','3','9','1','6','1','20','小','大','小','大','小','小','单','单','单','双','单','双','2018-09-28 17:35:37','2018-09-28 17:35:37'),(84,'20180928071','5','4','8','3','6','26','大','小','大','小','大','大','单','双','双','单','双','双','2018-09-28 17:51:35','2018-09-28 17:51:35'),(85,'20180928072','9','0','6','9','4','28','大','小','大','大','小','大','单','双','双','单','双','双','2018-09-28 18:01:37','2018-09-28 18:01:37'),(86,'20180928073','5','3','2','0','9','19','大','小','小','小','大','小','单','单','双','双','单','单','2018-09-28 18:11:36','2018-09-28 18:11:36'),(87,'20180928074','1','0','8','1','3','13','小','小','大','小','小','小','单','双','双','单','单','单','2018-09-28 18:21:36','2018-09-28 18:21:36'),(88,'20180928075','4','4','3','4','5','20','小','小','小','小','大','小','双','双','单','双','单','双','2018-09-28 18:31:36','2018-09-28 18:31:36'),(89,'20180928109','7','7','3','4','0','21','大','大','小','小','小','小','单','单','单','双','双','单','2018-09-28 23:06:22','2018-09-28 23:06:22'),(90,'20180928111','9','6','9','7','0','31','大','大','大','大','小','大','单','双','单','单','双','单','2018-09-28 23:15:55','2018-09-28 23:15:55'),(91,'20180928112','0','7','7','6','5','25','小','大','大','大','大','大','双','单','单','双','单','单','2018-09-28 23:20:55','2018-09-28 23:20:55'),(92,'20180928113','6','6','4','9','3','28','大','大','小','大','小','大','双','双','双','单','单','双','2018-09-28 23:25:55','2018-09-28 23:25:55'),(93,'20180928114','7','9','6','1','0','23','大','大','大','小','小','大','单','单','双','单','双','单','2018-09-28 23:30:55','2018-09-28 23:30:55'),(94,'20180928115','9','7','3','3','6','28','大','大','小','小','大','大','单','单','单','单','双','双','2018-09-28 23:35:55','2018-09-28 23:35:55'),(95,'20180928116','2','7','9','8','9','35','小','大','大','大','大','大','双','单','单','双','单','单','2018-09-28 23:40:55','2018-09-28 23:40:55'),(96,'20180928117','4','0','3','1','9','17','小','小','小','小','大','小','双','双','单','单','单','单','2018-09-28 23:45:55','2018-09-28 23:45:55'),(97,'20180928118','2','5','8','1','9','25','小','大','大','小','大','大','双','单','双','单','单','单','2018-09-28 23:50:55','2018-09-28 23:50:55'),(98,'20180928120','6','7','9','3','5','30','大','大','大','小','大','大','双','单','单','单','单','双','2018-09-29 00:00:55','2018-09-29 00:00:55'),(99,'20180929002','6','6','0','0','5','17','大','大','小','小','大','小','双','双','双','双','单','单','2018-09-29 00:15:55','2018-09-29 00:15:55'),(100,'20180929004','9','8','9','8','4','38','大','大','大','大','小','大','单','双','单','双','双','双','2018-09-29 00:20:55','2018-09-29 00:20:55'),(101,'20180929005','7','3','7','3','8','28','大','小','大','小','大','大','单','单','单','单','双','双','2018-09-29 00:25:55','2018-09-29 00:25:55'),(102,'20180929006','9','9','7','4','4','33','大','大','大','小','小','大','单','单','单','双','双','单','2018-09-29 00:30:55','2018-09-29 00:30:55'),(103,'20180929007','5','3','7','0','3','18','大','小','大','小','小','小','单','单','单','双','单','双','2018-09-29 00:35:55','2018-09-29 00:35:55'),(104,'20180929008','0','8','0','9','2','19','小','大','小','大','小','小','双','双','双','单','双','单','2018-09-29 00:40:55','2018-09-29 00:40:55'),(105,'20180929009','9','8','8','3','4','32','大','大','大','小','小','大','单','双','双','单','双','双','2018-09-29 00:45:55','2018-09-29 00:45:55'),(106,'20180929010','5','5','6','2','3','21','大','大','大','小','小','小','单','单','双','双','单','单','2018-09-29 00:50:55','2018-09-29 00:50:55'),(107,'20180929011','5','2','0','2','4','13','大','小','小','小','小','小','单','双','双','双','双','单','2018-09-29 00:55:55','2018-09-29 00:55:55'),(108,'20180929012','6','9','3','4','8','30','大','大','小','小','大','大','双','单','单','双','双','双','2018-09-29 01:00:55','2018-09-29 01:00:55'),(109,'20180929013','4','2','2','8','2','18','小','小','小','大','小','小','双','双','双','双','双','双','2018-09-29 01:05:55','2018-09-29 01:05:55'),(110,'20180929014','9','8','7','8','5','37','大','大','大','大','大','大','单','双','单','双','单','单','2018-09-29 01:10:55','2018-09-29 01:10:55'),(111,'20180929015','6','0','0','6','9','21','大','小','小','大','大','小','双','双','双','双','单','单','2018-09-29 01:15:55','2018-09-29 01:15:55'),(112,'20180929016','6','2','6','8','8','30','大','小','大','大','大','大','双','双','双','双','双','双','2018-09-29 01:20:55','2018-09-29 01:20:55'),(113,'20181008023','4','4','6','5','3','22','小','小','大','大','小','小','双','双','双','单','单','双','2018-10-08 09:00:59','2018-10-08 09:00:59'),(114,'20181008024','5','7','5','4','3','24','大','大','大','小','小','大','单','单','单','双','单','双','2018-10-08 10:05:59','2018-10-08 10:05:59'),(115,'20181008025','9','6','9','6','8','38','大','大','大','大','大','大','单','双','单','双','双','双','2018-10-08 10:15:59','2018-10-08 10:15:59'),(116,'20181008026','2','5','5','8','6','26','小','大','大','大','大','大','双','单','单','双','双','双','2018-10-08 10:25:59','2018-10-08 10:25:59'),(117,'20181008027','1','5','8','3','1','18','小','大','大','小','小','小','单','单','双','单','单','双','2018-10-08 10:35:59','2018-10-08 10:35:59'),(118,'20181008028','2','3','5','7','0','17','小','小','大','大','小','小','双','单','单','单','双','单','2018-10-08 10:45:59','2018-10-08 10:45:59'),(119,'20181008029','8','1','8','9','4','30','大','小','大','大','小','大','双','单','双','单','双','双','2018-10-08 10:55:59','2018-10-08 10:55:59'),(120,'20181008030','3','3','5','8','6','25','小','小','大','大','大','大','单','单','单','双','双','单','2018-10-08 11:05:59','2018-10-08 11:05:59'),(121,'20181008031','1','5','6','8','6','26','小','大','大','大','大','大','单','单','双','双','双','双','2018-10-08 11:15:59','2018-10-08 11:15:59'),(122,'20181008032','0','2','1','0','4','7','小','小','小','小','小','小','双','双','单','双','双','单','2018-10-08 11:25:59','2018-10-08 11:25:59'),(123,'20181008033','5','5','7','4','1','22','大','大','大','小','小','小','单','单','单','双','单','双','2018-10-08 11:35:59','2018-10-08 11:35:59'),(124,'20181008034','2','8','7','5','4','26','小','大','大','大','小','大','双','双','单','单','双','双','2018-10-08 11:41:21','2018-10-08 11:41:21'),(125,'20181008035','5','7','4','2','7','25','大','大','小','小','大','大','单','单','双','双','单','单','2018-10-08 11:54:27','2018-10-08 11:54:27'),(126,'20181008036','2','3','9','0','3','17','小','小','大','小','小','小','双','单','单','双','单','单','2018-10-08 12:04:27','2018-10-08 12:04:27'),(127,'20181008037','4','3','9','4','4','24','小','小','大','小','小','大','双','单','单','双','双','双','2018-10-08 12:14:27','2018-10-08 12:14:27'),(128,'20181008038','8','0','9','0','8','25','大','小','大','小','大','大','双','双','单','双','双','单','2018-10-08 12:24:27','2018-10-08 12:24:27'),(129,'20181008039','4','6','4','2','2','18','小','大','小','小','小','小','双','双','双','双','双','双','2018-10-08 12:34:27','2018-10-08 12:34:27'),(130,'20181008040','1','0','1','9','7','18','小','小','小','大','大','小','单','双','单','单','单','双','2018-10-08 12:44:27','2018-10-08 12:44:27'),(131,'20181008041','3','9','4','1','5','22','小','大','小','小','大','小','单','单','双','单','单','双','2018-10-08 12:54:28','2018-10-08 12:54:28'),(132,'20181008042','5','5','0','2','6','18','大','大','小','小','大','小','单','单','双','双','双','双','2018-10-08 13:05:59','2018-10-08 13:05:59'),(133,'20181008043','1','9','7','8','5','30','小','大','大','大','大','大','单','单','单','双','单','双','2018-10-08 13:10:59','2018-10-08 13:10:59'),(134,'20181008044','4','3','1','2','9','19','小','小','小','小','大','小','双','单','单','双','单','单','2018-10-08 13:25:59','2018-10-08 13:25:59'),(135,'20181008045','4','1','4','2','7','18','小','小','小','小','大','小','双','单','双','双','单','双','2018-10-08 13:35:59','2018-10-08 13:35:59'),(136,'20181008046','4','8','4','2','5','23','小','大','小','小','大','大','双','双','双','双','单','单','2018-10-08 13:45:59','2018-10-08 13:45:59'),(137,'20181008047','6','7','4','9','6','32','大','大','小','大','大','大','双','单','双','单','双','双','2018-10-08 13:55:59','2018-10-08 13:55:59'),(138,'20181008048','9','3','0','0','2','14','大','小','小','小','小','小','单','单','双','双','双','双','2018-10-08 14:05:59','2018-10-08 14:05:59'),(139,'20181008049','2','2','6','9','9','28','小','小','大','大','大','大','双','双','双','单','单','双','2018-10-08 14:15:59','2018-10-08 14:15:59'),(140,'20181008050','1','0','8','2','4','15','小','小','大','小','小','小','单','双','双','双','双','单','2018-10-08 14:25:59','2018-10-08 14:25:59'),(141,'20181008051','9','3','6','2','1','21','大','小','大','小','小','小','单','单','双','双','单','单','2018-10-08 14:35:59','2018-10-08 14:35:59'),(142,'20181008052','8','1','8','7','5','29','大','小','大','大','大','大','双','单','双','单','单','单','2018-10-08 14:45:59','2018-10-08 14:45:59'),(143,'20181008053','4','5','8','0','0','17','小','大','大','小','小','小','双','单','双','双','双','单','2018-10-08 14:55:59','2018-10-08 14:55:59'),(144,'20181008054','2','9','4','1','4','20','小','大','小','小','小','小','双','单','双','单','双','双','2018-10-08 15:05:59','2018-10-08 15:05:59'),(145,'20181008055','6','9','3','6','9','33','大','大','小','大','大','大','双','单','单','双','单','单','2018-10-08 15:15:59','2018-10-08 15:15:59'),(146,'20181008056','9','2','1','7','0','19','大','小','小','大','小','小','单','双','单','单','双','单','2018-10-08 15:25:59','2018-10-08 15:25:59'),(147,'20181008057','8','7','0','4','4','23','大','大','小','小','小','大','双','单','双','双','双','单','2018-10-08 15:35:59','2018-10-08 15:35:59'),(148,'20181008058','3','0','5','2','2','12','小','小','大','小','小','小','单','双','单','双','双','双','2018-10-08 15:45:59','2018-10-08 15:45:59'),(149,'20181008059','6','5','1','5','6','23','大','大','小','大','大','大','双','单','单','单','双','单','2018-10-08 15:55:59','2018-10-08 15:55:59'),(150,'20181008060','0','2','0','2','8','12','小','小','小','小','大','小','双','双','双','双','双','双','2018-10-08 16:05:59','2018-10-08 16:05:59'),(151,'20181008061','7','8','0','7','9','31','大','大','小','大','大','大','单','双','双','单','单','单','2018-10-08 16:15:59','2018-10-08 16:15:59'),(152,'20181008062','1','2','4','7','1','15','小','小','小','大','小','小','单','双','双','单','单','单','2018-10-08 16:25:59','2018-10-08 16:25:59'),(153,'20181008063','4','2','6','5','9','26','小','小','大','大','大','大','双','双','双','单','单','双','2018-10-08 16:35:59','2018-10-08 16:35:59'),(154,'20181008064','3','9','2','0','7','21','小','大','小','小','大','小','单','单','双','双','单','单','2018-10-08 16:45:59','2018-10-08 16:45:59'),(155,'20181008065','2','6','8','2','5','23','小','大','大','小','大','大','双','双','双','双','单','单','2018-10-08 16:55:59','2018-10-08 16:55:59'),(156,'20181008066','9','9','8','2','4','32','大','大','大','小','小','大','单','单','双','双','双','双','2018-10-08 17:05:59','2018-10-08 17:05:59'),(157,'20181008067','5','9','0','0','2','16','大','大','小','小','小','小','单','单','双','双','双','双','2018-10-08 17:15:59','2018-10-08 17:15:59'),(158,'20181008068','6','4','9','5','7','31','大','小','大','大','大','大','双','双','单','单','单','单','2018-10-08 17:25:59','2018-10-08 17:25:59'),(159,'20181008069','8','4','7','6','8','33','大','小','大','大','大','大','双','双','单','双','双','单','2018-10-08 17:35:59','2018-10-08 17:35:59'),(160,'20181008070','9','9','5','2','6','31','大','大','大','小','大','大','单','单','单','双','双','单','2018-10-08 17:45:59','2018-10-08 17:45:59'),(161,'20181008071','6','4','7','0','4','21','大','小','大','小','小','小','双','双','单','双','双','单','2018-10-08 17:55:59','2018-10-08 17:55:59'),(162,'20181008072','9','2','2','0','5','18','大','小','小','小','大','小','单','双','双','双','单','双','2018-10-08 18:05:59','2018-10-08 18:05:59'),(163,'20181008073','5','4','7','6','1','23','大','小','大','大','小','大','单','双','单','双','单','单','2018-10-08 18:15:59','2018-10-08 18:15:59'),(164,'20181008074','1','0','0','0','9','10','小','小','小','小','大','小','单','双','双','双','单','双','2018-10-08 18:25:59','2018-10-08 18:25:59'),(165,'20181008075','7','8','6','6','1','28','大','大','大','大','小','大','单','双','双','双','单','双','2018-10-08 18:35:59','2018-10-08 18:35:59'),(166,'20181008076','6','2','7','7','5','27','大','小','大','大','大','大','双','双','单','单','单','单','2018-10-08 18:45:59','2018-10-08 18:45:59'),(167,'20181008077','4','5','0','4','8','21','小','大','小','小','大','小','双','单','双','双','双','单','2018-10-08 18:55:59','2018-10-08 18:55:59'),(168,'20181008078','7','4','8','9','3','31','大','小','大','大','小','大','单','双','双','单','单','单','2018-10-08 19:00:59','2018-10-08 19:00:59'),(169,'20181008079','4','4','8','7','4','27','小','小','大','大','小','大','双','双','双','单','双','单','2018-10-08 19:15:59','2018-10-08 19:15:59'),(170,'20181008080','1','3','2','3','4','13','小','小','小','小','小','小','单','单','双','单','双','单','2018-10-08 19:25:59','2018-10-08 19:25:59'),(171,'20181008081','0','0','5','0','0','5','小','小','大','小','小','小','双','双','单','双','双','单','2018-10-08 19:35:59','2018-10-08 19:35:59'),(172,'20181008082','6','4','6','3','0','19','大','小','大','小','小','小','双','双','双','单','双','单','2018-10-08 19:45:59','2018-10-08 19:45:59'),(173,'20181008083','1','0','0','3','2','6','小','小','小','小','小','小','单','双','双','单','双','双','2018-10-08 19:55:59','2018-10-08 19:55:59'),(174,'20181008084','4','8','7','8','9','36','小','大','大','大','大','大','双','双','单','双','单','双','2018-10-08 20:05:59','2018-10-08 20:05:59'),(175,'20181008085','7','4','1','4','6','22','大','小','小','小','大','小','单','双','单','双','双','双','2018-10-08 20:15:59','2018-10-08 20:15:59'),(176,'20181008086','1','4','6','6','7','24','小','小','大','大','大','大','单','双','双','双','单','双','2018-10-08 20:25:59','2018-10-08 20:25:59'),(177,'20181008087','1','1','9','2','5','18','小','小','大','小','大','小','单','单','单','双','单','双','2018-10-08 20:35:59','2018-10-08 20:35:59'),(178,'20181008088','8','3','0','4','3','18','大','小','小','小','小','小','双','单','双','双','单','双','2018-10-08 20:45:59','2018-10-08 20:45:59'),(179,'20181008089','4','5','3','0','5','17','小','大','小','小','大','小','双','单','单','双','单','单','2018-10-08 20:55:59','2018-10-08 20:55:59'),(180,'20181008090','0','3','4','0','1','8','小','小','小','小','小','小','双','单','双','双','单','双','2018-10-08 21:05:59','2018-10-08 21:05:59'),(181,'20181008091','5','6','6','3','1','21','大','大','大','小','小','小','单','双','双','单','单','单','2018-10-08 21:15:59','2018-10-08 21:15:59'),(182,'20181008092','9','3','2','0','2','16','大','小','小','小','小','小','单','单','双','双','双','双','2018-10-08 21:25:59','2018-10-08 21:25:59'),(183,'20181008093','1','5','5','5','0','16','小','大','大','大','小','小','单','单','单','单','双','双','2018-10-08 21:31:50','2018-10-08 21:31:50'),(184,'20181008094','5','3','7','0','2','17','大','小','大','小','小','小','单','单','单','双','双','单','2018-10-08 21:43:12','2018-10-08 21:43:12'),(185,'20181008095','7','3','2','7','1','20','大','小','小','大','小','小','单','单','双','单','单','双','2018-10-08 21:52:55','2018-10-08 21:52:55'),(186,'20181008096','2','1','9','8','0','20','小','小','大','大','小','小','双','单','单','双','双','双','2018-10-08 22:01:19','2018-10-08 22:01:19'),(187,'20181008097','2','3','7','4','6','22','小','小','大','小','大','小','双','单','单','双','双','双','2018-10-08 22:07:11','2018-10-08 22:07:11'),(188,'20181008098','3','6','2','3','0','14','小','大','小','小','小','小','单','双','双','单','双','双','2018-10-08 22:13:19','2018-10-08 22:13:19'),(189,'20181008099','4','6','5','3','2','20','小','大','大','小','小','小','双','双','单','单','双','双','2018-10-08 22:18:11','2018-10-08 22:18:11'),(190,'20181008100','7','4','6','5','4','26','大','小','大','大','小','大','单','双','双','单','双','双','2018-10-08 22:21:17','2018-10-08 22:21:17'),(191,'20181008101','2','8','0','8','0','18','小','大','小','大','小','小','双','双','双','双','双','双','2018-10-08 22:25:59','2018-10-08 22:25:59'),(192,'20181008102','9','6','3','9','5','32','大','大','小','大','大','大','单','双','单','单','单','双','2018-10-08 22:31:32','2018-10-08 22:31:32'),(193,'20181008103','0','9','6','1','5','21','小','大','大','小','大','小','双','单','双','单','单','单','2018-10-08 22:36:10','2018-10-08 22:36:10'),(194,'20181008104','7','7','8','9','3','34','大','大','大','大','小','大','单','单','双','单','单','双','2018-10-08 22:41:26','2018-10-08 22:41:26'),(195,'20181008105','5','4','5','6','0','20','大','小','大','大','小','小','单','双','单','双','双','双','2018-10-08 22:47:00','2018-10-08 22:47:00'),(196,'20181008106','8','6','5','8','0','27','大','大','大','大','小','大','双','双','单','双','双','单','2018-10-08 22:55:59','2018-10-08 22:55:59'),(197,'20181008107','8','4','2','9','0','23','大','小','小','大','小','大','双','双','双','单','双','单','2018-10-08 22:57:00','2018-10-08 22:57:00'),(198,'20181008108','4','6','1','4','8','23','小','大','小','小','大','大','双','双','单','双','双','单','2018-10-08 23:01:19','2018-10-08 23:01:19'),(199,'20181008109','8','7','2','9','2','28','大','大','小','大','小','大','双','单','双','单','双','双','2018-10-08 23:08:32','2018-10-08 23:08:32'),(200,'20181008110','4','3','1','3','9','20','小','小','小','小','大','小','双','单','单','单','单','双','2018-10-08 23:11:55','2018-10-08 23:11:55'),(201,'20181008111','8','3','1','6','8','26','大','小','小','大','大','大','双','单','单','双','双','双','2018-10-08 23:20:59','2018-10-08 23:20:59'),(202,'20181008112','6','0','3','4','8','21','大','小','小','小','大','小','双','双','单','双','双','单','2018-10-08 23:21:42','2018-10-08 23:21:42'),(203,'20181008113','4','3','5','0','4','16','小','小','大','小','小','小','双','单','单','双','双','双','2018-10-08 23:26:32','2018-10-08 23:26:32'),(204,'20181008114','0','7','9','0','9','25','小','大','大','小','大','大','双','单','单','双','单','单','2018-10-08 23:31:52','2018-10-08 23:31:52'),(205,'20181008115','4','9','2','9','3','27','小','大','小','大','小','大','双','单','双','单','单','单','2018-10-08 23:40:59','2018-10-08 23:40:59'),(206,'20181008116','8','0','5','6','5','24','大','小','大','大','大','大','双','双','单','双','单','双','2018-10-08 23:45:59','2018-10-08 23:45:59'),(207,'20181008117','6','7','2','8','0','23','大','大','小','大','小','大','双','单','双','双','双','单','2018-10-08 23:50:59','2018-10-08 23:50:59'),(208,'20181008118','8','8','1','3','5','25','大','大','小','小','大','大','双','双','单','单','单','单','2018-10-08 23:55:59','2018-10-08 23:55:59'),(209,'20181008119','4','9','4','2','0','19','小','大','小','小','小','小','双','单','双','双','双','单','2018-10-09 00:00:59','2018-10-09 00:00:59'),(210,'20181008120','1','9','2','3','5','20','小','大','小','小','大','小','单','单','双','单','单','双','2018-10-09 00:05:59','2018-10-09 00:05:59'),(211,'20181009001','3','6','3','4','5','21','小','大','小','小','大','小','单','双','单','双','单','单','2018-10-09 00:10:59','2018-10-09 00:10:59'),(212,'20181009002','3','9','9','6','2','29','小','大','大','大','小','大','单','单','单','双','双','单','2018-10-09 00:15:59','2018-10-09 00:15:59'),(213,'20181009003','2','9','6','7','4','28','小','大','大','大','小','大','双','单','双','单','双','双','2018-10-09 00:20:59','2018-10-09 00:20:59'),(214,'20181009004','8','5','8','9','4','34','大','大','大','大','小','大','双','单','双','单','双','双','2018-10-09 00:25:59','2018-10-09 00:25:59'),(215,'20181009005','7','6','0','6','4','23','大','大','小','大','小','大','单','双','双','双','双','单','2018-10-09 00:30:59','2018-10-09 00:30:59'),(216,'20181009006','7','7','8','6','0','28','大','大','大','大','小','大','单','单','双','双','双','双','2018-10-09 00:35:59','2018-10-09 00:35:59'),(217,'20181009007','5','6','8','1','9','29','大','大','大','小','大','大','单','双','双','单','单','单','2018-10-09 00:40:59','2018-10-09 00:40:59'),(218,'20181009008','0','2','6','3','2','13','小','小','大','小','小','小','双','双','双','单','双','单','2018-10-09 00:45:59','2018-10-09 00:45:59'),(219,'20181009009','5','0','0','6','9','20','大','小','小','大','大','小','单','双','双','双','单','双','2018-10-09 00:50:59','2018-10-09 00:50:59'),(220,'20181009011','1','5','4','5','3','18','小','大','小','大','小','小','单','单','双','单','单','双','2018-10-09 00:55:59','2018-10-09 00:55:59'),(221,'20181009012','8','7','1','5','2','23','大','大','小','大','小','大','双','单','单','单','双','单','2018-10-09 01:05:59','2018-10-09 01:05:59'),(222,'20181009013','6','3','4','1','7','21','大','小','小','小','大','小','双','单','双','单','单','单','2018-10-09 01:10:59','2018-10-09 01:10:59'),(223,'20181009014','1','8','7','4','7','27','小','大','大','小','大','大','单','双','单','双','单','单','2018-10-09 01:15:59','2018-10-09 01:15:59'),(224,'20181009015','0','9','9','2','6','26','小','大','大','小','大','大','双','单','单','双','双','双','2018-10-09 01:20:59','2018-10-09 01:20:59'),(225,'20181009016','6','2','1','0','5','14','大','小','小','小','大','小','双','双','单','双','单','双','2018-10-09 01:25:59','2018-10-09 01:25:59'),(226,'20181009017','2','9','1','9','0','21','小','大','小','大','小','小','双','单','单','单','双','单','2018-10-09 01:30:59','2018-10-09 01:30:59'),(227,'20181009018','1','5','4','5','6','21','小','大','小','大','大','小','单','单','双','单','双','单','2018-10-09 01:35:59','2018-10-09 01:35:59'),(228,'20181009019','9','4','5','9','3','30','大','小','大','大','小','大','单','双','单','单','单','双','2018-10-09 01:40:59','2018-10-09 01:40:59'),(229,'20181009020','7','7','4','3','2','23','大','大','小','小','小','大','单','单','双','单','双','单','2018-10-09 01:45:59','2018-10-09 01:45:59'),(230,'20181009021','0','9','9','0','7','25','小','大','大','小','大','大','双','单','单','双','单','单','2018-10-09 01:50:59','2018-10-09 01:50:59'),(231,'20181009022','3','6','8','6','7','30','小','大','大','大','大','大','单','双','双','双','单','双','2018-10-09 01:55:59','2018-10-09 01:55:59'),(232,'20181009023','6','0','6','7','1','20','大','小','大','大','小','小','双','双','双','单','单','双','2018-10-09 02:00:59','2018-10-09 02:00:59'),(233,'20181009024','8','8','2','4','4','26','大','大','小','小','小','大','双','双','双','双','双','双','2018-10-09 10:05:59','2018-10-09 10:05:59'),(234,'20181009025','3','2','5','7','5','22','小','小','大','大','大','小','单','双','单','单','单','双','2018-10-09 10:15:59','2018-10-09 10:15:59'),(235,'20181009026','7','5','9','6','0','27','大','大','大','大','小','大','单','单','单','双','双','单','2018-10-09 10:25:59','2018-10-09 10:25:59'),(236,'20181009027','6','8','2','2','8','26','大','大','小','小','大','大','双','双','双','双','双','双','2018-10-09 10:35:59','2018-10-09 10:35:59'),(237,'20181009028','6','7','3','3','7','26','大','大','小','小','大','大','双','单','单','单','单','双','2018-10-09 10:45:59','2018-10-09 10:45:59'),(238,'20181009029','3','2','3','7','1','16','小','小','小','大','小','小','单','双','单','单','单','双','2018-10-09 10:55:59','2018-10-09 10:55:59'),(239,'20181009030','2','0','6','0','6','14','小','小','大','小','大','小','双','双','双','双','双','双','2018-10-09 11:05:59','2018-10-09 11:05:59'),(240,'20181009031','6','8','8','3','1','26','大','大','大','小','小','大','双','双','双','单','单','双','2018-10-09 11:15:59','2018-10-09 11:15:59'),(241,'20181009032','5','0','8','3','1','17','大','小','大','小','小','小','单','双','双','单','单','单','2018-10-09 11:25:59','2018-10-09 11:25:59'),(242,'20181009033','8','2','2','8','2','22','大','小','小','大','小','小','双','双','双','双','双','双','2018-10-09 11:35:59','2018-10-09 11:35:59'),(243,'20181009034','5','6','0','9','0','20','大','大','小','大','小','小','单','双','双','单','双','双','2018-10-09 11:45:59','2018-10-09 11:45:59'),(244,'20181009035','5','6','9','3','9','32','大','大','大','小','大','大','单','双','单','单','单','双','2018-10-09 11:55:59','2018-10-09 11:55:59'),(245,'20181009036','6','7','6','7','3','29','大','大','大','大','小','大','双','单','双','单','单','单','2018-10-09 12:05:59','2018-10-09 12:05:59'),(246,'20181009037','4','6','7','2','6','25','小','大','大','小','大','大','双','双','单','双','双','单','2018-10-09 12:15:59','2018-10-09 12:15:59'),(247,'20181009038','7','6','8','6','1','28','大','大','大','大','小','大','单','双','双','双','单','双','2018-10-09 12:25:59','2018-10-09 12:25:59'),(248,'20181009039','4','8','2','4','6','24','小','大','小','小','大','大','双','双','双','双','双','双','2018-10-09 12:35:59','2018-10-09 12:35:59'),(249,'20181009040','4','0','6','5','6','21','小','小','大','大','大','小','双','双','双','单','双','单','2018-10-09 12:45:59','2018-10-09 12:45:59'),(250,'20181009041','8','5','0','0','0','13','大','大','小','小','小','小','双','单','双','双','双','单','2018-10-09 12:55:59','2018-10-09 12:55:59'),(251,'20181009042','1','9','5','5','0','20','小','大','大','大','小','小','单','单','单','单','双','双','2018-10-09 13:05:59','2018-10-09 13:05:59'),(252,'20181009043','7','8','6','6','2','29','大','大','大','大','小','大','单','双','双','双','双','单','2018-10-09 13:15:59','2018-10-09 13:15:59'),(253,'20181009044','1','5','1','4','6','17','小','大','小','小','大','小','单','单','单','双','双','单','2018-10-09 13:25:59','2018-10-09 13:25:59'),(254,'20181009045','0','8','5','2','9','24','小','大','大','小','大','大','双','双','单','双','单','双','2018-10-09 13:36:10','2018-10-09 13:36:10'),(255,'20181009046','6','4','7','8','6','31','大','小','大','大','大','大','双','双','单','双','双','单','2018-10-09 13:45:59','2018-10-09 13:45:59'),(256,'20181009047','3','4','3','0','3','13','小','小','小','小','小','小','单','双','单','双','单','单','2018-10-09 13:55:59','2018-10-09 13:55:59'),(257,'20181009048','1','3','1','3','9','17','小','小','小','小','大','小','单','单','单','单','单','单','2018-10-09 14:02:15','2018-10-09 14:02:15'),(258,'20181009049','1','4','3','7','7','22','小','小','小','大','大','小','单','双','单','单','单','双','2018-10-09 14:12:15','2018-10-09 14:12:15'),(259,'20181009050','3','3','2','3','2','13','小','小','小','小','小','小','单','单','双','单','双','单','2018-10-09 14:23:59','2018-10-09 14:23:59'),(260,'20181009051','8','1','7','9','7','32','大','小','大','大','大','大','双','单','单','单','单','双','2018-10-09 14:31:50','2018-10-09 14:31:50'),(261,'20181009052','5','2','9','7','0','23','大','小','大','大','小','大','单','双','单','单','双','单','2018-10-09 14:41:38','2018-10-09 14:41:38'),(262,'20181009053','3','6','7','6','5','27','小','大','大','大','大','大','单','双','单','双','单','单','2018-10-09 14:51:38','2018-10-09 14:51:38'),(263,'20181009054','0','8','4','2','5','19','小','大','小','小','大','小','双','双','双','双','单','单','2018-10-09 15:01:38','2018-10-09 15:01:38'),(264,'20181009055','2','3','6','8','0','19','小','小','大','大','小','小','双','单','双','双','双','单','2018-10-09 15:10:59','2018-10-09 15:10:59'),(265,'20181009056','1','9','8','2','6','26','小','大','大','小','大','大','单','单','双','双','双','双','2018-10-09 15:21:38','2018-10-09 15:21:38'),(266,'20181009057','8','2','9','6','5','30','大','小','大','大','大','大','双','双','单','双','单','双','2018-10-09 15:31:38','2018-10-09 15:31:38'),(267,'20181009058','6','6','2','5','9','28','大','大','小','大','大','大','双','双','双','单','单','双','2018-10-09 15:41:38','2018-10-09 15:41:38'),(268,'20181009059','8','2','5','2','2','19','大','小','大','小','小','小','双','双','单','双','双','单','2018-10-09 15:51:38','2018-10-09 15:51:38'),(269,'20181009060','3','1','1','6','2','13','小','小','小','大','小','小','单','单','单','双','双','单','2018-10-09 16:01:38','2018-10-09 16:01:38'),(270,'20181009061','2','8','2','9','4','25','小','大','小','大','小','大','双','双','双','单','双','单','2018-10-09 16:14:25','2018-10-09 16:14:25'),(271,'20181009062','2','7','2','7','9','27','小','大','小','大','大','大','双','单','双','单','单','单','2018-10-09 16:21:38','2018-10-09 16:21:38'),(272,'20181009063','8','6','6','3','3','26','大','大','大','小','小','大','双','双','双','单','单','双','2018-10-09 16:31:38','2018-10-09 16:31:38'),(273,'20181009064','1','8','9','8','4','30','小','大','大','大','小','大','单','双','单','双','双','双','2018-10-09 16:41:39','2018-10-09 16:41:39'),(274,'20181009065','8','6','2','5','3','24','大','大','小','大','小','大','双','双','双','单','单','双','2018-10-09 16:51:39','2018-10-09 16:51:39'),(275,'20181009066','7','9','7','5','5','33','大','大','大','大','大','大','单','单','单','单','单','单','2018-10-09 17:01:39','2018-10-09 17:01:39'),(276,'20181009067','7','3','0','6','4','20','大','小','小','大','小','小','单','单','双','双','双','双','2018-10-09 17:11:39','2018-10-09 17:11:39'),(277,'20181009068','9','9','1','4','1','24','大','大','小','小','小','大','单','单','单','双','单','双','2018-10-09 17:21:51','2018-10-09 17:21:51'),(278,'20181009069','3','4','0','3','3','13','小','小','小','小','小','小','单','双','双','单','单','单','2018-10-09 17:31:39','2018-10-09 17:31:39'),(279,'20181009070','1','0','2','2','8','13','小','小','小','小','大','小','单','双','双','双','双','单','2018-10-09 17:41:39','2018-10-09 17:41:39'),(280,'20181009071','7','3','3','1','1','15','大','小','小','小','小','小','单','单','单','单','单','单','2018-10-09 17:51:39','2018-10-09 17:51:39'),(281,'20181009072','9','9','8','5','5','36','大','大','大','大','大','大','单','单','双','单','单','双','2018-10-09 18:01:39','2018-10-09 18:01:39'),(282,'20181009073','5','6','2','7','4','24','大','大','小','大','小','大','单','双','双','单','双','双','2018-10-09 18:11:39','2018-10-09 18:11:39'),(283,'20181009074','6','3','2','7','3','21','大','小','小','大','小','小','双','单','双','单','单','单','2018-10-09 18:21:39','2018-10-09 18:21:39'),(284,'20181009075','7','1','6','6','3','23','大','小','大','大','小','大','单','单','双','双','单','单','2018-10-09 18:31:39','2018-10-09 18:31:39'),(285,'20181009076','3','5','4','0','9','21','小','大','小','小','大','小','单','单','双','双','单','单','2018-10-09 18:41:39','2018-10-09 18:41:39'),(286,'20181009077','4','4','9','0','5','22','小','小','大','小','大','小','双','双','单','双','单','双','2018-10-09 18:55:59','2018-10-09 18:55:59'),(287,'20181009078','7','0','3','3','4','17','大','小','小','小','小','小','单','双','单','单','双','单','2018-10-09 19:01:39','2018-10-09 19:01:39'),(288,'20181009079','5','8','8','0','8','29','大','大','大','小','大','大','单','双','双','双','双','单','2018-10-09 19:11:39','2018-10-09 19:11:39'),(289,'20181009080','7','3','0','4','4','18','大','小','小','小','小','小','单','单','双','双','双','双','2018-10-09 19:21:39','2018-10-09 19:21:39'),(290,'20181009081','6','6','0','9','3','24','大','大','小','大','小','大','双','双','双','单','单','双','2018-10-09 19:31:39','2018-10-09 19:31:39'),(291,'20181009082','2','1','6','6','8','23','小','小','大','大','大','大','双','单','双','双','双','单','2018-10-09 19:41:39','2018-10-09 19:41:39'),(292,'20181009083','3','5','1','4','8','21','小','大','小','小','大','小','单','单','单','双','双','单','2018-10-09 19:51:39','2018-10-09 19:51:39'),(293,'20181009084','5','6','1','0','7','19','大','大','小','小','大','小','单','双','单','双','单','单','2018-10-09 20:01:39','2018-10-09 20:01:39'),(294,'20181009085','3','4','5','0','5','17','小','小','大','小','大','小','单','双','单','双','单','单','2018-10-09 20:11:39','2018-10-09 20:11:39'),(295,'20181009086','2','6','4','2','2','16','小','大','小','小','小','小','双','双','双','双','双','双','2018-10-09 20:21:39','2018-10-09 20:21:39'),(296,'20181009087','5','9','0','1','6','21','大','大','小','小','大','小','单','单','双','单','双','单','2018-10-09 20:31:39','2018-10-09 20:31:39'),(297,'20181009088','4','2','8','4','5','23','小','小','大','小','大','大','双','双','双','双','单','单','2018-10-09 20:41:39','2018-10-09 20:41:39'),(298,'20181009089','7','1','8','3','7','26','大','小','大','小','大','大','单','单','双','单','单','双','2018-10-09 20:51:39','2018-10-09 20:51:39'),(299,'20181009090','9','0','0','1','6','16','大','小','小','小','大','小','单','双','双','单','双','双','2018-10-09 21:01:39','2018-10-09 21:01:39'),(300,'20181009091','0','3','7','6','4','20','小','小','大','大','小','小','双','单','单','双','双','双','2018-10-09 21:11:39','2018-10-09 21:11:39'),(301,'20181009092','6','4','5','7','4','26','大','小','大','大','小','大','双','双','单','单','双','双','2018-10-09 21:21:35','2018-10-09 21:21:35'),(302,'20181009093','9','9','1','3','7','29','大','大','小','小','大','大','单','单','单','单','单','单','2018-10-09 21:31:35','2018-10-09 21:31:35'),(303,'20181009094','8','6','1','0','1','16','大','大','小','小','小','小','双','双','单','双','单','双','2018-10-09 21:41:37','2018-10-09 21:41:37'),(304,'20181009095','7','9','0','7','0','23','大','大','小','大','小','大','单','单','双','单','双','单','2018-10-09 21:50:59','2018-10-09 21:50:59'),(305,'20181009096','9','5','4','2','2','22','大','大','小','小','小','小','单','单','双','双','双','双','2018-10-09 22:02:37','2018-10-09 22:02:37'),(306,'20181009097','4','9','8','8','2','31','小','大','大','大','小','大','双','单','双','双','双','单','2018-10-09 22:06:43','2018-10-09 22:06:43'),(307,'20181009098','1','0','5','9','4','19','小','小','大','大','小','小','单','双','单','单','双','单','2018-10-09 22:12:37','2018-10-09 22:12:37'),(308,'20181009099','3','1','9','0','7','20','小','小','大','小','大','小','单','单','单','双','单','双','2018-10-09 22:16:47','2018-10-09 22:16:47'),(309,'20181009100','5','9','4','8','7','33','大','大','小','大','大','大','单','单','双','双','单','单','2018-10-09 22:20:59','2018-10-09 22:20:59'),(310,'20181009101','3','4','6','4','2','19','小','小','大','小','小','小','单','双','双','双','双','单','2018-10-09 22:26:47','2018-10-09 22:26:47'),(311,'20181009102','0','5','3','7','2','17','小','大','小','大','小','小','双','单','单','单','双','单','2018-10-09 22:31:12','2018-10-09 22:31:12'),(312,'20181009103','1','5','7','1','1','15','小','大','大','小','小','小','单','单','单','单','单','单','2018-10-09 22:36:47','2018-10-09 22:36:47'),(313,'20181009104','0','6','8','7','8','29','小','大','大','大','大','大','双','双','双','单','双','单','2018-10-09 22:41:12','2018-10-09 22:41:12'),(314,'20181009105','7','7','9','0','3','26','大','大','大','小','小','大','单','单','单','双','单','双','2018-10-09 22:46:47','2018-10-09 22:46:47'),(315,'20181009106','9','0','6','4','7','26','大','小','大','小','大','大','单','双','双','双','单','双','2018-10-09 22:52:31','2018-10-09 22:52:31'),(316,'20181009107','9','3','0','6','5','23','大','小','小','大','大','大','单','单','双','双','单','单','2018-10-09 22:59:25','2018-10-09 22:59:25'),(317,'20181009108','9','8','8','1','4','30','大','大','大','小','小','大','单','双','双','单','双','双','2018-10-09 23:01:42','2018-10-09 23:01:42'),(318,'20181009109','8','4','3','5','4','24','大','小','小','大','小','大','双','双','单','单','双','双','2018-10-09 23:06:51','2018-10-09 23:06:51'),(319,'20181009110','8','1','7','1','1','18','大','小','大','小','小','小','双','单','单','单','单','双','2018-10-09 23:12:36','2018-10-09 23:12:36'),(320,'20181009111','7','2','2','2','7','20','大','小','小','小','大','小','单','双','双','双','单','双','2018-10-09 23:16:17','2018-10-09 23:16:17'),(321,'20181009112','0','0','5','6','4','15','小','小','大','大','小','小','双','双','单','双','双','单','2018-10-09 23:23:19','2018-10-09 23:23:19'),(322,'20181009113','0','4','8','2','5','19','小','小','大','小','大','小','双','双','双','双','单','单','2018-10-09 23:28:27','2018-10-09 23:28:27'),(323,'20181009114','3','9','5','0','0','17','小','大','大','小','小','小','单','单','单','双','双','单','2018-10-09 23:31:43','2018-10-09 23:31:43'),(324,'20181009115','6','3','8','5','0','22','大','小','大','大','小','小','双','单','双','单','双','双','2018-10-09 23:38:27','2018-10-09 23:38:27'),(325,'20181009117','1','7','1','4','8','21','小','大','小','小','大','小','单','单','单','双','双','单','2018-10-09 23:45:59','2018-10-09 23:45:59'),(326,'20181009118','6','7','0','3','9','25','大','大','小','小','大','大','双','单','双','单','单','单','2018-10-09 23:55:59','2018-10-09 23:55:59'),(327,'20181009119','4','9','0','1','1','15','小','大','小','小','小','小','双','单','双','单','单','单','2018-10-09 23:58:27','2018-10-09 23:58:27'),(328,'20181009120','6','5','1','4','2','18','大','大','小','小','小','小','双','单','单','双','双','双','2018-10-10 00:00:59','2018-10-10 00:00:59'),(329,'20181010001','9','4','9','1','7','30','大','小','大','小','大','大','单','双','单','单','单','双','2018-10-10 00:08:27','2018-10-10 00:08:27'),(330,'20181010002','1','8','6','4','2','21','小','大','大','小','小','小','单','双','双','双','双','单','2018-10-10 00:14:19','2018-10-10 00:14:19'),(331,'20181010003','6','8','7','6','1','28','大','大','大','大','小','大','双','双','单','双','单','双','2018-10-10 00:18:28','2018-10-10 00:18:28'),(332,'20181010004','9','9','6','9','4','37','大','大','大','大','小','大','单','单','双','单','双','单','2018-10-10 00:25:59','2018-10-10 00:25:59'),(333,'20181010005','3','8','5','0','1','17','小','大','大','小','小','小','单','双','单','双','单','单','2018-10-10 00:26:11','2018-10-10 00:26:11'),(334,'20181010006','7','0','8','3','8','26','大','小','大','小','大','大','单','双','双','单','双','双','2018-10-10 00:31:10','2018-10-10 00:31:10'),(335,'20181010007','2','5','3','0','3','13','小','大','小','小','小','小','双','单','单','双','单','单','2018-10-10 00:36:19','2018-10-10 00:36:19'),(336,'20181010008','7','9','2','5','8','31','大','大','小','大','大','大','单','单','双','单','双','单','2018-10-10 00:41:21','2018-10-10 00:41:21'),(337,'20181010009','8','9','9','0','8','34','大','大','大','小','大','大','双','单','单','双','双','双','2018-10-10 00:46:21','2018-10-10 00:46:21'),(338,'20181010010','2','8','4','1','5','20','小','大','小','小','大','小','双','双','双','单','单','双','2018-10-10 00:51:17','2018-10-10 00:51:17'),(339,'20181010011','7','3','1','2','9','22','大','小','小','小','大','小','单','单','单','双','单','双','2018-10-10 00:56:17','2018-10-10 00:56:17'),(340,'20181010012','6','9','4','3','2','24','大','大','小','小','小','大','双','单','双','单','双','双','2018-10-10 01:01:25','2018-10-10 01:01:25'),(341,'20181010013','2','6','9','8','8','33','小','大','大','大','大','大','双','双','单','双','双','单','2018-10-10 01:06:18','2018-10-10 01:06:18'),(342,'20181010014','6','5','5','5','2','23','大','大','大','大','小','大','双','单','单','单','双','单','2018-10-10 01:11:12','2018-10-10 01:11:12'),(343,'20181010015','2','6','7','7','2','24','小','大','大','大','小','大','双','双','单','单','双','双','2018-10-10 01:16:22','2018-10-10 01:16:22'),(344,'20181010016','3','3','5','4','1','16','小','小','大','小','小','小','单','单','单','双','单','双','2018-10-10 01:21:12','2018-10-10 01:21:12'),(345,'20181010017','8','0','8','3','0','19','大','小','大','小','小','小','双','双','双','单','双','单','2018-10-10 01:26:22','2018-10-10 01:26:22'),(346,'20181010018','5','9','2','7','6','29','大','大','小','大','大','大','单','单','双','单','双','单','2018-10-10 01:31:26','2018-10-10 01:31:26'),(347,'20181010019','0','0','4','1','0','5','小','小','小','小','小','小','双','双','双','单','双','单','2018-10-10 01:36:36','2018-10-10 01:36:36'),(348,'20181010020','0','3','3','6','3','15','小','小','小','大','小','小','双','单','单','双','单','单','2018-10-10 01:41:21','2018-10-10 01:41:21'),(349,'20181010023','5','5','8','8','2','28','大','大','大','大','小','大','单','单','双','双','双','双','2018-10-10 02:03:26','2018-10-10 02:03:26'),(350,'20181010024','0','4','3','8','0','15','小','小','小','大','小','小','双','双','单','双','双','单','2018-10-10 10:02:11','2018-10-10 10:02:11');

/*Table structure for table `gm_givetoken_t` */

DROP TABLE IF EXISTS `gm_givetoken_t`;

CREATE TABLE `gm_givetoken_t` (
  `id` int(11) NOT NULL AUTO_INCREMENT COMMENT '主键',
  `account` varchar(100) DEFAULT NULL COMMENT '子账号',
  `status` varchar(100) DEFAULT NULL COMMENT '状态',
  `pid` varchar(100) DEFAULT NULL COMMENT '父ID',
  `num` varchar(100) DEFAULT NULL COMMENT '秘钥数量',
  `attribute1` varchar(100) DEFAULT NULL COMMENT '备注1',
  `attribute2` varchar(100) DEFAULT NULL COMMENT '备注2',
  `createdate` timestamp NULL DEFAULT NULL COMMENT '创建时间',
  PRIMARY KEY (`id`)
) ENGINE=InnoDB AUTO_INCREMENT=6 DEFAULT CHARSET=utf8;

/*Data for the table `gm_givetoken_t` */

insert  into `gm_givetoken_t`(`id`,`account`,`status`,`pid`,`num`,`attribute1`,`attribute2`,`createdate`) values (4,'lili',NULL,'1','1',NULL,NULL,'2018-09-28 17:11:49'),(5,'lili2',NULL,'1','10',NULL,NULL,'2018-09-29 00:34:22');

/*Table structure for table `gm_jf_t` */

DROP TABLE IF EXISTS `gm_jf_t`;

CREATE TABLE `gm_jf_t` (
  `id` int(11) NOT NULL AUTO_INCREMENT COMMENT '主键',
  `intype` varchar(100) DEFAULT NULL COMMENT '转入类型',
  `jf` varchar(100) DEFAULT NULL COMMENT '积分',
  `outype` varchar(100) DEFAULT NULL COMMENT '转出类型',
  `create_date` timestamp NULL DEFAULT NULL COMMENT '创建时间',
  `lastup_date` timestamp NULL DEFAULT '0000-00-00 00:00:00' COMMENT '最后更新时间',
  PRIMARY KEY (`id`)
) ENGINE=InnoDB DEFAULT CHARSET=utf8;

/*Data for the table `gm_jf_t` */

/*Table structure for table `gm_message_t` */

DROP TABLE IF EXISTS `gm_message_t`;

CREATE TABLE `gm_message_t` (
  `id` int(11) NOT NULL AUTO_INCREMENT COMMENT '主键',
  `content` varchar(100) DEFAULT NULL COMMENT '留言内容',
  `userid` varchar(100) DEFAULT NULL COMMENT '用户ID',
  `username` varchar(100) DEFAULT NULL COMMENT '用户名',
  `account` varchar(100) DEFAULT NULL COMMENT '账号',
  `telephone` varchar(100) DEFAULT NULL COMMENT '手机号',
  `create_date` timestamp NULL DEFAULT NULL COMMENT '创建时间',
  PRIMARY KEY (`id`)
) ENGINE=InnoDB AUTO_INCREMENT=10 DEFAULT CHARSET=utf8;

/*Data for the table `gm_message_t` */

insert  into `gm_message_t`(`id`,`content`,`userid`,`username`,`account`,`telephone`,`create_date`) values (6,'这是你的不对了。ʘᴗʘ','1','测试','zcc','','2018-09-29 08:35:17'),(7,'`13123123123123','1','测试','zcc','','2018-10-05 16:08:29'),(8,'哈哈哈哈哈','1','1111','zcc','2222','2018-10-05 18:43:18'),(9,'6666','1','1111','zcc','2222','2018-10-05 18:43:45');

/*Table structure for table `gm_notice_t` */

DROP TABLE IF EXISTS `gm_notice_t`;

CREATE TABLE `gm_notice_t` (
  `id` int(11) NOT NULL AUTO_INCREMENT COMMENT '主键',
  `title` varchar(100) DEFAULT NULL COMMENT '标题',
  `content` varchar(100) DEFAULT NULL COMMENT '内容',
  `attribute1` varchar(100) DEFAULT NULL COMMENT '备注1',
  `attribute2` varchar(100) DEFAULT NULL COMMENT '备注1',
  `create_date` timestamp NULL DEFAULT NULL COMMENT '创建时间',
  PRIMARY KEY (`id`)
) ENGINE=InnoDB AUTO_INCREMENT=7 DEFAULT CHARSET=utf8;

/*Data for the table `gm_notice_t` */

insert  into `gm_notice_t`(`id`,`title`,`content`,`attribute1`,`attribute2`,`create_date`) values (1,'中秋回馈礼','热烈祝贺中秋佳节。','zcc',NULL,'2018-09-12 15:27:44'),(2,'国庆佳节','国庆期间，为回馈新老会员，充值买一赠一。','zcc',NULL,'2018-09-12 15:34:47'),(5,'测试!','测试一波！','zcc',NULL,'2018-09-28 13:48:35'),(6,'啊实打实','萨达啊实打实的阿瑟东就啊搜集分公司的叫覅受到飓风哈苏东方红的i啊速度就会i啊速度回话呀u的一个杀手的哈不是u大忽悠高压u有','zcc',NULL,'2018-09-28 14:21:32');

/*Table structure for table `gm_pool_t` */

DROP TABLE IF EXISTS `gm_pool_t`;

CREATE TABLE `gm_pool_t` (
  `id` int(11) NOT NULL AUTO_INCREMENT COMMENT '主键',
  `userid` varchar(100) DEFAULT NULL COMMENT '下注人ID',
  `username` varchar(100) DEFAULT NULL COMMENT '下注人名称',
  `gmnum` varchar(100) DEFAULT NULL COMMENT '下注期数',
  `gmname` varchar(100) DEFAULT NULL COMMENT '游戏类别/彩种',
  `jf` int(10) DEFAULT NULL COMMENT '下注积分',
  `status` varchar(100) DEFAULT NULL COMMENT '状态',
  `buyinfo` varchar(100) DEFAULT NULL COMMENT '下注信息',
  `backjf` int(10) DEFAULT NULL COMMENT '返还积分',
  `winjf` int(10) DEFAULT NULL COMMENT '赢积分',
  `getjf` int(10) DEFAULT NULL COMMENT '获得积分',
  `count` int(10) DEFAULT NULL COMMENT '笔数',
  `sumjf` int(10) DEFAULT NULL COMMENT '总计积分',
  `create_date` timestamp NULL DEFAULT NULL COMMENT '创建时间',
  `lastup_date` timestamp NULL DEFAULT NULL COMMENT '最后更新时间',
  PRIMARY KEY (`id`)
) ENGINE=InnoDB AUTO_INCREMENT=11 DEFAULT CHARSET=utf8;

/*Data for the table `gm_pool_t` */

insert  into `gm_pool_t`(`id`,`userid`,`username`,`gmnum`,`gmname`,`jf`,`status`,`buyinfo`,`backjf`,`winjf`,`getjf`,`count`,`sumjf`,`create_date`,`lastup_date`) values (2,'4','李莉','20180928056','时时彩',10,'1','big1',100,900,1900,1,10,'2018-09-28 15:18:53','2018-09-28 15:22:03'),(3,'4','李莉','20180928058','时时彩',10,'1','big1',100,900,1900,1,10,'2018-09-28 15:34:10','2018-09-28 15:36:41'),(4,'4','李莉','20180928059','时时彩',10,'1','big1',100,900,1900,1,10,'2018-09-28 15:48:39','2018-09-28 15:56:09'),(5,'1','4333','20181009100','时时彩',10,'0','big1',1,9,19,1,10,'2018-10-09 22:25:09','2018-10-09 22:25:09'),(6,'1','4333','20181009100','时时彩',20,'0','big2',2,18,38,1,20,'2018-10-09 22:25:09','2018-10-09 22:25:09'),(7,'1','4333','20181009100','时时彩',10,'0','big1',1,9,19,1,10,'2018-10-10 07:25:07','2018-10-10 07:25:07'),(8,'1','4333','20181009100','时时彩',20,'0','big2',2,18,38,1,20,'2018-10-10 07:25:07','2018-10-10 07:25:07'),(9,'1','4333','20181009100','时时彩',10,'0','big1',1,9,19,1,10,'2018-10-10 07:25:39','2018-10-10 07:25:39'),(10,'1','4333','20181009100','时时彩',20,'0','big2',2,18,38,1,20,'2018-10-10 07:25:39','2018-10-10 07:25:39');

/*Table structure for table `gm_sell_t` */

DROP TABLE IF EXISTS `gm_sell_t`;

CREATE TABLE `gm_sell_t` (
  `id` int(11) NOT NULL AUTO_INCREMENT COMMENT '主键',
  `userid` varchar(100) DEFAULT NULL COMMENT '用户ID',
  `sellername` varchar(100) DEFAULT NULL COMMENT '售卖用户',
  `selljf` varchar(100) DEFAULT NULL COMMENT '积分',
  `status` varchar(100) DEFAULT NULL COMMENT '状态',
  `create_date` timestamp NULL DEFAULT NULL COMMENT '创建时间',
  `lastup_date` timestamp NULL DEFAULT '0000-00-00 00:00:00' COMMENT '最后更新时间',
  PRIMARY KEY (`id`)
) ENGINE=InnoDB AUTO_INCREMENT=3 DEFAULT CHARSET=utf8;

/*Data for the table `gm_sell_t` */

insert  into `gm_sell_t`(`id`,`userid`,`sellername`,`selljf`,`status`,`create_date`,`lastup_date`) values (1,'1','张聪聪','100','1','2018-09-13 16:14:47','2018-09-13 16:14:49'),(2,'2','李莉','100','2','2018-09-13 16:15:04','2018-09-13 16:15:06');

/*Table structure for table `gm_task_t` */

DROP TABLE IF EXISTS `gm_task_t`;

CREATE TABLE `gm_task_t` (
  `id` int(11) NOT NULL AUTO_INCREMENT COMMENT '主键',
  `title` varchar(100) DEFAULT NULL COMMENT '标题',
  `status` varchar(100) DEFAULT NULL COMMENT '状态',
  `taskjf` varchar(100) DEFAULT NULL COMMENT '申请积分',
  `userid` varchar(100) DEFAULT NULL COMMENT '用户ID',
  `username` varchar(100) DEFAULT NULL COMMENT '用户姓名',
  `attribute2` varchar(100) DEFAULT NULL COMMENT '备注1',
  `create_date` timestamp NULL DEFAULT NULL COMMENT '创建时间',
  `lastup_date` timestamp NULL DEFAULT CURRENT_TIMESTAMP COMMENT '最后更新时间',
  PRIMARY KEY (`id`)
) ENGINE=InnoDB AUTO_INCREMENT=7 DEFAULT CHARSET=utf8;

/*Data for the table `gm_task_t` */

insert  into `gm_task_t`(`id`,`title`,`status`,`taskjf`,`userid`,`username`,`attribute2`,`create_date`,`lastup_date`) values (1,'zcc','2','10000','1','张聪聪','18589046735','2018-10-05 15:18:26','2018-09-13 15:18:32'),(2,'lili','1','10000','2','李莉','13707680285','2018-09-13 16:12:21','2018-09-13 16:12:23'),(3,NULL,'2','10000','4',NULL,NULL,'2018-09-27 21:51:08','2018-09-27 21:51:08'),(4,NULL,'2','10000','5','lili2',NULL,'2018-09-28 00:27:42','2018-09-28 00:27:42'),(5,NULL,'2','10000','1','zcc',NULL,'2018-09-29 00:16:08','2018-09-29 00:16:08'),(6,NULL,'2','10000','3',NULL,NULL,'2018-09-29 00:36:43','2018-09-29 00:36:43');

/*Table structure for table `gm_token_t` */

DROP TABLE IF EXISTS `gm_token_t`;

CREATE TABLE `gm_token_t` (
  `id` int(11) NOT NULL AUTO_INCREMENT COMMENT '主键',
  `account` varchar(100) DEFAULT NULL COMMENT '授予账号',
  `tokennum` varchar(100) DEFAULT NULL COMMENT '秘钥数量',
  `changetype` varchar(100) DEFAULT NULL COMMENT 'in/out',
  `userid` varchar(100) DEFAULT NULL COMMENT '用户ID',
  `username` varchar(100) DEFAULT NULL COMMENT '用户名',
  `create_date` timestamp NULL DEFAULT NULL COMMENT '创建时间',
  `lastup_date` timestamp NULL DEFAULT '0000-00-00 00:00:00' COMMENT '最后更新时间',
  PRIMARY KEY (`id`)
) ENGINE=InnoDB DEFAULT CHARSET=utf8;

/*Data for the table `gm_token_t` */

/*Table structure for table `gm_user_t` */

DROP TABLE IF EXISTS `gm_user_t`;

CREATE TABLE `gm_user_t` (
  `id` int(11) NOT NULL AUTO_INCREMENT COMMENT '主键',
  `account` varchar(100) DEFAULT NULL COMMENT '账号',
  `password` varchar(100) DEFAULT NULL COMMENT '密码',
  `username` varchar(100) DEFAULT NULL COMMENT '用户名',
  `safepwd` varchar(100) DEFAULT NULL COMMENT '安全密码',
  `telephone` varchar(100) DEFAULT NULL COMMENT '手机号',
  `alipaypic` varchar(100) DEFAULT NULL COMMENT '支付宝收款码',
  `weixinpic` varchar(100) DEFAULT NULL COMMENT '微信收款码',
  `bank_num` varchar(100) DEFAULT NULL COMMENT '银行卡号',
  `bank_name` varchar(100) DEFAULT NULL COMMENT '银行名称',
  `jfcenter` double(16,2) DEFAULT '0.00' COMMENT '积分中心',
  `jftask` double(16,2) DEFAULT '0.00' COMMENT '任务积分',
  `jfbusiness` double(16,2) DEFAULT '0.00' COMMENT '交易积分',
  `jfzhuce` double(16,2) DEFAULT '0.00' COMMENT '注册积分',
  `jf_diya` double(16,2) DEFAULT '0.00' COMMENT '抵押积分',
  `task_token` int(10) DEFAULT '0' COMMENT '任务token',
  `gavetoken` int(10) DEFAULT NULL COMMENT '赠送token',
  `usedtoken` int(10) DEFAULT '0' COMMENT '使用token',
  `pretake` double(16,2) DEFAULT '0.00' COMMENT '预扣减-挂卖',
  `pid` varchar(100) DEFAULT NULL COMMENT '父id',
  `paccount` varchar(100) DEFAULT NULL COMMENT '父账号',
  `pusername` varchar(100) DEFAULT NULL COMMENT '父用户名',
  `ptelephone` varchar(100) DEFAULT NULL COMMENT '父手机号',
  `status` int(10) DEFAULT '0' COMMENT '状态',
  `jfold` varchar(100) DEFAULT NULL COMMENT '原始积分',
  `version` double(16,2) DEFAULT '0.00' COMMENT '预申请任务积分',
  `prejftask` double(16,2) DEFAULT '0.00' COMMENT '预下单积分',
  `user_type` varchar(2) DEFAULT '0' COMMENT '用户类型',
  `create_date` timestamp NULL DEFAULT NULL COMMENT '创建时间',
  `lastup_date` timestamp NULL DEFAULT NULL COMMENT '最后更新时间',
  PRIMARY KEY (`id`)
) ENGINE=InnoDB AUTO_INCREMENT=4 DEFAULT CHARSET=utf8;

/*Data for the table `gm_user_t` */

insert  into `gm_user_t`(`id`,`account`,`password`,`username`,`safepwd`,`telephone`,`alipaypic`,`weixinpic`,`bank_num`,`bank_name`,`jfcenter`,`jftask`,`jfbusiness`,`jfzhuce`,`jf_diya`,`task_token`,`gavetoken`,`usedtoken`,`pretake`,`pid`,`paccount`,`pusername`,`ptelephone`,`status`,`jfold`,`version`,`prejftask`,`user_type`,`create_date`,`lastup_date`) values (1,'zcc','202cb962ac59075b964b07152d234b70','4333','202cb962ac59075b964b07152d234b70','76655',NULL,NULL,NULL,'',5700.00,9910.00,300.00,0.00,0.00,0,NULL,0,226.00,NULL,NULL,NULL,NULL,0,NULL,0.00,0.00,'0',NULL,NULL),(2,'lili2','202cb962ac59075b964b07152d234b70',NULL,'202cb962ac59075b964b07152d234b70',NULL,NULL,NULL,NULL,NULL,0.00,0.00,0.00,4000.01,2000.01,0,1,1,0.00,'1','zcc','1111','213',0,'4000',0.00,0.00,'1','2018-09-29 01:14:05',NULL);

/*Table structure for table `member_t` */

DROP TABLE IF EXISTS `member_t`;

CREATE TABLE `member_t` (
  `id` varchar(50) NOT NULL COMMENT '主键',
  `account` varchar(50) NOT NULL COMMENT '账号',
  `password` varchar(50) NOT NULL COMMENT '密码',
  `age` int(2) NOT NULL DEFAULT '1' COMMENT '年龄',
  `createdate` datetime DEFAULT NULL COMMENT '创建时间',
  `telephone` varchar(300) DEFAULT NULL COMMENT '手机号',
  `userheadpic` varchar(300) DEFAULT 'http://news.mydrivers.com/Img/20110518/04481549.png' COMMENT '头像',
  PRIMARY KEY (`id`)
) ENGINE=InnoDB DEFAULT CHARSET=utf8 COMMENT='会员表';

/*Data for the table `member_t` */

insert  into `member_t`(`id`,`account`,`password`,`age`,`createdate`,`telephone`,`userheadpic`) values ('35fc4be8b0104c608e5a840a722ba7c3','zcc','123123',10,'2018-08-28 17:55:25','18589046735','/upload/2018-08-28/z9ssyag76cyl5ht3azaj5qvchhznwups.jpg'),('74e18d7278aa40789d6e99f53a8d80ba','lili','123123',10,'2018-08-27 14:35:40','13707680285','http://news.mydrivers.com/Img/20110518/04481549.png'),('bec328b913444435a6caa58fe71c9542','daidai','123123',10,'2018-08-27 14:50:29','11111111111','http://news.mydrivers.com/Img/20110518/04481549.png');

/*Table structure for table `sys_dept` */

DROP TABLE IF EXISTS `sys_dept`;

CREATE TABLE `sys_dept` (
  `id` varchar(50) NOT NULL COMMENT '主键',
  `deptName` varchar(100) NOT NULL COMMENT '部门名称',
  `deptDesc` varchar(300) DEFAULT NULL COMMENT '描述',
  PRIMARY KEY (`id`)
) ENGINE=InnoDB DEFAULT CHARSET=utf8 COMMENT='部门表';

/*Data for the table `sys_dept` */

insert  into `sys_dept`(`id`,`deptName`,`deptDesc`) values ('13947a74dd0844b99c958f90375700f0','测试部',''),('9a329b597d754c4180c6b40cdfb0f565','产品部','cpb');

/*Table structure for table `sys_log` */

DROP TABLE IF EXISTS `sys_log`;

CREATE TABLE `sys_log` (
  `id` varchar(50) NOT NULL COMMENT '主键',
  `userName` varchar(50) NOT NULL COMMENT '用户',
  `title` varchar(300) DEFAULT NULL COMMENT '日志',
  `url` varchar(300) DEFAULT NULL COMMENT '地址',
  `params` text COMMENT '参数',
  `createTime` datetime DEFAULT NULL COMMENT '日志时间',
  PRIMARY KEY (`id`)
) ENGINE=InnoDB DEFAULT CHARSET=utf8 COMMENT='日志表';

/*Data for the table `sys_log` */

insert  into `sys_log`(`id`,`userName`,`title`,`url`,`params`,`createTime`) values ('006483eaeb2147538f6d3129883e7fa1','zcc','用户登录成功','/login/doLogin','','2018-08-28 17:36:18'),('0094c4113f5f42efb3d4d898e852f691','zcc','批量删除消息','/gm/message/deleteBatch','{\"id[]\":[\"3\",\"2\"]}','2018-09-12 15:58:31'),('0194ef323b274aec93241cac7b696d1f','zcc','用户登录成功','/login/doLogin','','2018-08-28 17:05:04'),('042f3071b1eb4a58b21667f685fe5976','zcc','用户登录成功','/login/doLogin','','2018-10-09 18:38:42'),('04676ba31f974d1a833ac3420d1186a4','zcc','用户登录成功','/login/doLogin','','2018-10-09 19:06:25'),('049ba063409240c2853c1e9ad5dce3f8','zcc','删除菜单','/system/menu/delete','{\"id\":[\"476dbef5152040668acffbdb5683d49d\"]}','2018-09-27 10:05:42'),('04a25643c9454295b425abf98df08732','zcc','创建公告','/gm/notice/doAdd','{\"title\":[\"国庆佳节\"],\"content\":[\"国庆期间，为回馈新老会员，充值买一赠一。\"]}','2018-09-12 15:34:47'),('05bd570f5eae468d9609388977a57ad2','zcc','删除菜单','/system/menu/delete','{\"id\":[\"6bdc1683d3ad44128f1f80bdbf0580e7\"]}','2018-09-27 10:07:35'),('067f81fd424e49d8b4f1129e04f3707f','zcc','用户登录成功','/login/doLogin','','2018-09-27 12:35:41'),('0723cc8876bc4762bff0c33242ab1d7d','admin','用户登录成功','/login/doLogin','','2018-08-20 17:35:34'),('08bc02ddfc274a83ae3cfaf9dec58b4b','zcc','用户登录成功','/login/doLogin','','2018-09-14 09:59:17'),('09f2692814f64f0e9a46ade5a8088f7b','zcc','角色分配权限','/system/role/doAuth','{\"roleId\":[\"b1f9ce5543a049be9f169a3f5e6b72a8\"],\"mid[]\":[\"1\",\"2\",\"d2bc30feb5474a1bb7e02d48d39a3f8a\",\"a73802e513cc4465883530ec8074abbb\",\"4253190001c1480fb0d631d64d150535\",\"649b484b58414d91aefa5a26143e6557\",\"3\",\"1db9105008404a3485b6fac30dba3c0e\",\"60dda993d87647f5989c15f14f866df9\",\"686630c7cb624cc786dcdc9958971a6b\",\"b4e7232189b14cf3ba160cf7b0d3bf37\",\"a5ebf29168234406939856bc6890c86b\",\"f899f3d3baec4571b1c786717f9906fd\",\"4\",\"488ef1eff57b4827acade7c0744278ce\",\"3f26102ef0e04c3c9328cb97067cc5fa\",\"dc5f478d98ed4297a8ae638fe90df050\",\"0c9b5fc8b44b41d1871a8fc8300247ec\",\"22e38e885f9b40b9aae6a36deb78e89c\",\"4e816a9854714d24b0413d929d637a2b\",\"3fb6a7a5935b4efabf3de82e7e1baeb6\",\"363a778e78a346a68210b2590163a943\",\"79d78b8357174cac8f44abd275dec597\",\"5\",\"5d3dd56c16ff4e32aecae1b3228159c7\",\"10\",\"0818e1c76bbd44eba3a698547ec4e637\",\"915c309ebe5047b68645b3eb777dd8c9\",\"f5a20c82110b4a3ea9e30ca01a038680\",\"42dd5ae31e3a43b3a197440e8ec19a94\",\"476dbef5152040668acffbdb5683d49d\",\"c6bfb8c2d70b4b57a7da69b8b20538a4\",\"3da0154b4b4a4303bfc508f3d7e452db\",\"d9c96546f5c74f87a86c3febed252f4b\",\"6bdc1683d3ad44128f1f80bdbf0580e7\",\"08bc9ae261454d43a3d7c59c7e38507c\",\"f3e3b049dd9d4433a5a8dcaf78f38253\",\"ee54fe93fd0b4255a22fefeb2b6de084\",\"60610d001b0f471da0b1ce1ed14eeec5\",\"2cf4fc34f42b40ed9325489629689f9a\",\"b9cd0a3916fb4c969ecb0157e46be1c0\"]}','2018-08-20 17:40:06'),('0a89468f68a04abfbee0b961930202d2','zcc','用户登录成功','/login/doLogin','','2018-09-12 15:58:19'),('0b68f089853343da99a01bd8d95904a8','zcc','用户登录成功','/login/doLogin','','2018-09-12 14:00:59'),('0c933162d79b405d861e970b6fca1d28','zcc','新增功能菜单','/system/menu/doAddAction','{\"pid\":[\"47c48bdbf86c4c87ad5590b49f1db982\"],\"code\":[\"080102\"],\"menuName\":[\"编辑会员\"],\"resource\":[\"editMember\"],\"sort\":[\"3\"]}','2018-08-27 14:25:46'),('1112ac9618f14563b7d14a1648b1adf7','zcc','用户登录成功','/login/doLogin','','2018-09-27 10:01:53'),('11f884454acd49d3b0527a69ef3ce1ff','zcc','用户登录成功','/login/doLogin','','2018-09-22 23:07:17'),('126867d1b45d4637bd31205cad7a9194','zcc','用户登录成功','/login/doLogin','','2018-10-09 15:25:12'),('12717ed09eb6458e88615821575f4568','zcc','更新系统设置','/system/setting/doSetting','{\"id\":[\"1\",\"2\",\"3\"],\"sysValue\":[\"zcc-admin\",\"后台管理系统V1.0\",\"Copyright © 2018 小月科技有限公司. All rights reserved.\"]}','2018-08-29 08:50:34'),('12b1949087e94e46950e2b55bcb6e790','zcc','新增功能菜单','/system/menu/doAddAction','{\"pid\":[\"47c48bdbf86c4c87ad5590b49f1db982\"],\"code\":[\"080100\"],\"menuName\":[\"查看会籍列表\"],\"resource\":[\"listMember\"],\"sort\":[\"1\"]}','2018-08-27 14:23:24'),('12f432e354cd4323bed773ed6b2d6087','zcc','用户登录成功','/login/doLogin','','2018-09-27 14:00:30'),('13a6d9843f6e474fbbdbebd125e1ee68','zcc','角色分配权限','/system/role/doAuth','{\"roleId\":[\"b1f9ce5543a049be9f169a3f5e6b72a8\"],\"mid[]\":[\"1\",\"2\",\"d2bc30feb5474a1bb7e02d48d39a3f8a\",\"a73802e513cc4465883530ec8074abbb\",\"4253190001c1480fb0d631d64d150535\",\"649b484b58414d91aefa5a26143e6557\",\"3\",\"1db9105008404a3485b6fac30dba3c0e\",\"60dda993d87647f5989c15f14f866df9\",\"686630c7cb624cc786dcdc9958971a6b\",\"b4e7232189b14cf3ba160cf7b0d3bf37\",\"a5ebf29168234406939856bc6890c86b\",\"f899f3d3baec4571b1c786717f9906fd\",\"4\",\"488ef1eff57b4827acade7c0744278ce\",\"3f26102ef0e04c3c9328cb97067cc5fa\",\"dc5f478d98ed4297a8ae638fe90df050\",\"0c9b5fc8b44b41d1871a8fc8300247ec\",\"22e38e885f9b40b9aae6a36deb78e89c\",\"4e816a9854714d24b0413d929d637a2b\",\"3fb6a7a5935b4efabf3de82e7e1baeb6\",\"363a778e78a346a68210b2590163a943\",\"79d78b8357174cac8f44abd275dec597\",\"5\",\"5d3dd56c16ff4e32aecae1b3228159c7\",\"10\",\"0818e1c76bbd44eba3a698547ec4e637\",\"915c309ebe5047b68645b3eb777dd8c9\",\"f5a20c82110b4a3ea9e30ca01a038680\",\"42dd5ae31e3a43b3a197440e8ec19a94\",\"b27a38f8031f4537b7c3526c4390f0e2\",\"0b7432ba9e024e6cb7c37e3ed877b315\",\"62a35152b79a41f9a07182632f43cec2\",\"b409daecde9843de9b93c58b7cab2bfc\",\"9302bb94ac494003a4d53d2d4b83a942\",\"47c48bdbf86c4c87ad5590b49f1db982\",\"5aef278741fc4e7898dc3d1cafdfd1f6\",\"110d45e15ef9454c9620ce0c676d1fcd\",\"6087879c61ab4d7bb718ec62747e4d99\",\"6e53ef7715524378b358884088c46f6b\",\"7b605a383580403d842c925feae7caff\",\"9fb2c8e2be214dbcac7612ea7cbddf87\",\"6453e7b021be478f8dc48f1c36e206d9\",\"e1315fc2c1e049cf97aec042b35a4eee\",\"ee9392dc124143419d4a687feda3197c\",\"98dcbcab968b4b308d21328fe4c25337\",\"1e05df2b9abe4017804f56fef6a4100f\",\"b4589985f1bb4039a84025e1b60cc9c4\",\"1964fea192944ff98da7bc77418da1d5\",\"d663176b740e496ca7c99050fa90148e\",\"3efe459fb41c404f9892ab1b781a1a4d\",\"4d682cfeb8304bf39e667bf42167499a\",\"17e5a5cb15494073b847c0cc1e189baa\",\"c4282a0f2b5f406aa885acc0c2385e74\",\"e07c9c13d9aa46eb9dba6e3cc1250f14\",\"fcff0e22ddb74b0f850b302ac70199ee\",\"593d16821b994237bab5efe6254d5c26\",\"f01edf57ee92445ebd03fdaab65bff7d\",\"f3c226dad87240528c060e2c58ebd4f2\",\"709dbf88925240e5b060ac1b5e0b30ea\",\"3f327b1619b34241b1a8ecf8688bfe84\",\"69d188a9534341fa9fb4fcd5cbc0a981\",\"38bf684d5d1048a89d2bcbdf4278733c\",\"b1465d32a95b45648d13098536607aa8\",\"476dbef5152040668acffbdb5683d49d\",\"c6bfb8c2d70b4b57a7da69b8b20538a4\",\"3da0154b4b4a4303bfc508f3d7e452db\",\"d9c96546f5c74f87a86c3febed252f4b\",\"6bdc1683d3ad44128f1f80bdbf0580e7\",\"08bc9ae261454d43a3d7c59c7e38507c\",\"f3e3b049dd9d4433a5a8dcaf78f38253\",\"ee54fe93fd0b4255a22fefeb2b6de084\"]}','2018-09-13 16:45:57'),('13e45db9471a48aa9577ed614def3d94','zcc','用户登录成功','/login/doLogin','','2018-10-06 09:47:16'),('156ca182662d412fbc03c96e60502800','zcc','删除菜单','/system/menu/delete','{\"id\":[\"476dbef5152040668acffbdb5683d49d\"]}','2018-09-27 10:05:54'),('173a3bdaccd24a1b84de5ba8c66cd3c7','zcc','用户登录成功','/login/doLogin','','2018-10-09 15:21:53'),('17dc8a28c863430ea1aa7a9b62e394df','zcc','用户登录成功','/login/doLogin','','2018-10-09 18:40:04'),('17ee85040aef4d6db985f850cfe5c81d','zcc','新增功能菜单','/system/menu/doAddAction','{\"pid\":[\"0b7432ba9e024e6cb7c37e3ed877b315\"],\"code\":[\"080202\"],\"menuName\":[\"新增列表\"],\"resource\":[\"addMessage\"],\"sort\":[\"1\"]}','2018-08-28 16:35:50'),('190b68e632fd4deda86df0170d67d5b2','zcc','删除菜单','/system/menu/delete','{\"id\":[\"3da0154b4b4a4303bfc508f3d7e452db\"]}','2018-09-27 10:06:16'),('1a7b2b80430346dcbca101c782f7eee4','zcc','用户登录成功','/login/doLogin','','2018-09-29 02:01:07'),('1b17e4ce15d64338ad9d64dfc9d5fdc9','admin','用户登录成功','/login/doLogin','','2018-08-20 17:27:44'),('1d1d84cadd744f40812908f8a6d9fa82','zcc','删除任务','/gm/task/delete','{\"id\":[\"2\"]}','2018-09-28 14:45:09'),('1e7b7ab4fbf4413993866e83950655ab','zcc','新增功能菜单','/system/menu/doAddAction','{\"pid\":[\"d663176b740e496ca7c99050fa90148e\"],\"code\":[\"080402\"],\"menuName\":[\"编辑参数\"],\"resource\":[\"editBackParam\"],\"sort\":[\"3\"]}','2018-09-12 16:55:51'),('235acb6240f84da38ba3f19b4d20e04e','zcc','用户登录成功','/login/doLogin','','2018-08-27 09:09:20'),('2365b30b60ea4e83a1e42bbd5a8ad5e8','zcc','创建公告','/gm/notice/doAdd','{\"title\":[\"啊实打实\"],\"content\":[\"萨达啊实打实的阿瑟东就啊搜集分公司的叫覅受到飓风哈苏东方红的i啊速度就会i啊速度回话呀u的一个杀手的哈不是u大忽悠高压u有\"]}','2018-09-28 14:21:32'),('244b4170e88b4fd3827c4187a863f7e3','zcc','创建后台参数','/gm/user/doAdd','{\"number\":[\"lm\"],\"name\":[\"111401\"],\"data\":[\"111401\"],\"auto\":[\"111401\"]}','2018-09-27 11:39:25'),('28033a6f6b6a4fa586001798a3164f36','zcc','创建后台参数','/gm/user/doAdd','{\"number\":[\"lm\"],\"name\":[\"lm\"],\"data\":[\"lm\"],\"auto\":[\"lm\"]}','2018-10-06 09:53:13'),('2c7049e5f6a94db095be9970ca7f02a4','zcc','用户登录成功','/login/doLogin','','2018-10-09 18:33:09'),('2c88ec5cf3724e87b913e8aad37c5b35','zcc','用户登录成功','/login/doLogin','','2018-09-22 22:58:21'),('2cd28de40bf6429da9282ca407a776e0','zcc','用户登录成功','/login/doLogin','','2018-09-13 14:43:50'),('2d00504f820541e9965ca69196bb1ba0','zcc','创建用户','/gm/member/doAdd','{\"account\":[\"xuehen\"],\"password\":[\"123123\"],\"password2\":[\"123123\"],\"telephone\":[\"18589046735\"]}','2018-08-27 14:31:40'),('2d5146aef5754714827a4965304f8c36','zcc','用户登录成功','/login/doLogin','','2018-10-09 18:47:34'),('2de5317e6b7545d98e72a115d4d27db7','zcc','用户登录成功','/login/doLogin','','2018-09-14 09:01:51'),('2e29e44814f54574a9238d35f090a1da','zcc','用户登录成功','/login/doLogin','','2018-09-13 16:43:05'),('2f70d4feb9414378a19b595af42a0c24','zcc','更新系统设置','/system/setting/doSetting','{\"id\":[\"1\",\"2\",\"3\"],\"sysValue\":[\"PK10后台管理系统\",\"后台管理系统V1.0\",\"Copyright © 2018 小月科技有限公司. All rights reserved.\"]}','2018-09-28 14:35:52'),('3030d0259a1b499bb728322eb7d37a71','zcc','用户登录成功','/login/doLogin','','2018-09-28 13:45:06'),('3279a9989ece4f1d968cefaf10976818','zcc','编辑后台参数','/gm/backparam/doEdit','{\"id\":[\"f780fcb80ce54385a3259893ec44d31d\"],\"data\":[\"60\"],\"auto\":[\"1\"]}','2018-09-12 17:20:08'),('33c20f6c436d44f7945431e108d222d7','zcc','创建任务','/gm/business/doAdd','{\"title\":[\"萨达阿水\"],\"content\":[\"啊是大啊是大阿水阿\"]}','2018-09-28 14:50:53'),('3498f3374b654fe3902461249ffd8414','zcc','角色分配权限','/system/role/doAuth','{\"roleId\":[\"b1f9ce5543a049be9f169a3f5e6b72a8\"],\"mid[]\":[\"1\",\"2\",\"d2bc30feb5474a1bb7e02d48d39a3f8a\",\"a73802e513cc4465883530ec8074abbb\",\"4253190001c1480fb0d631d64d150535\",\"649b484b58414d91aefa5a26143e6557\",\"3\",\"1db9105008404a3485b6fac30dba3c0e\",\"60dda993d87647f5989c15f14f866df9\",\"686630c7cb624cc786dcdc9958971a6b\",\"b4e7232189b14cf3ba160cf7b0d3bf37\",\"a5ebf29168234406939856bc6890c86b\",\"f899f3d3baec4571b1c786717f9906fd\",\"4\",\"488ef1eff57b4827acade7c0744278ce\",\"3f26102ef0e04c3c9328cb97067cc5fa\",\"dc5f478d98ed4297a8ae638fe90df050\",\"0c9b5fc8b44b41d1871a8fc8300247ec\",\"22e38e885f9b40b9aae6a36deb78e89c\",\"4e816a9854714d24b0413d929d637a2b\",\"3fb6a7a5935b4efabf3de82e7e1baeb6\",\"363a778e78a346a68210b2590163a943\",\"79d78b8357174cac8f44abd275dec597\",\"5\",\"5d3dd56c16ff4e32aecae1b3228159c7\",\"10\",\"0818e1c76bbd44eba3a698547ec4e637\",\"915c309ebe5047b68645b3eb777dd8c9\",\"f5a20c82110b4a3ea9e30ca01a038680\",\"42dd5ae31e3a43b3a197440e8ec19a94\",\"b27a38f8031f4537b7c3526c4390f0e2\",\"0b7432ba9e024e6cb7c37e3ed877b315\",\"62a35152b79a41f9a07182632f43cec2\",\"b409daecde9843de9b93c58b7cab2bfc\",\"9302bb94ac494003a4d53d2d4b83a942\",\"7b605a383580403d842c925feae7caff\",\"9fb2c8e2be214dbcac7612ea7cbddf87\",\"6453e7b021be478f8dc48f1c36e206d9\",\"e1315fc2c1e049cf97aec042b35a4eee\",\"ee9392dc124143419d4a687feda3197c\",\"98dcbcab968b4b308d21328fe4c25337\",\"1e05df2b9abe4017804f56fef6a4100f\",\"b4589985f1bb4039a84025e1b60cc9c4\",\"1964fea192944ff98da7bc77418da1d5\",\"d663176b740e496ca7c99050fa90148e\",\"3efe459fb41c404f9892ab1b781a1a4d\",\"4d682cfeb8304bf39e667bf42167499a\",\"17e5a5cb15494073b847c0cc1e189baa\",\"e07c9c13d9aa46eb9dba6e3cc1250f14\",\"fcff0e22ddb74b0f850b302ac70199ee\",\"593d16821b994237bab5efe6254d5c26\",\"f01edf57ee92445ebd03fdaab65bff7d\",\"f3c226dad87240528c060e2c58ebd4f2\",\"709dbf88925240e5b060ac1b5e0b30ea\",\"3f327b1619b34241b1a8ecf8688bfe84\",\"69d188a9534341fa9fb4fcd5cbc0a981\",\"38bf684d5d1048a89d2bcbdf4278733c\",\"b1465d32a95b45648d13098536607aa8\",\"a202f8d52b66415289f0308e3cb6e35e\",\"783cde31731642b99267e3c6d4c378ee\",\"124ee8dcf8a04e85b68de4ea4ca901d2\"]}','2018-09-27 13:28:12'),('34e674f74cd9480cb448162743070cdf','zcc','删除任务','/gm/task/delete','{\"id\":[\"2\"]}','2018-09-28 14:45:05'),('38e9ee90ffd544329d426c2bc68ac622','zcc','批量删除后台参数','/gm/user/deleteBatch','{\"id[]\":[\"3\"]}','2018-10-09 19:13:11'),('39f615a4a1ba4c6b8d2570c190a50b65','zcc','用户登录成功','/login/doLogin','','2018-08-27 15:03:39'),('39fd77ed60ca40d2b82bbd7aa1bec338','zcc','用户登录成功','/login/doLogin','','2018-09-13 16:07:43'),('3a4dd7ba061e49feb884972fe1d227a0','zcc','创建用户','/gm/member/doAdd','{\"account\":[\"daidai\"],\"password\":[\"123123\"],\"password2\":[\"123123\"],\"telephone\":[\"11111111111\"]}','2018-08-27 14:50:30'),('3bc50395ca8d4f0dbfe176eac97434a1','zcc','用户登录成功','/login/doLogin','','2018-10-09 19:11:27'),('3cbe451c2ff443929c8aef2000bd4f5d','zcc','用户登录成功','/login/doLogin','','2018-10-08 12:00:27'),('3e32258932e747cd94dcb8e13e8955a7','zcc','用户登录成功','/login/doLogin','','2018-09-13 09:32:40'),('3e671ff3093a4d8094cf54c26c085c2d','zcc','用户登录成功','/login/doLogin','','2018-10-09 18:58:45'),('3fc4870c43b541cbaa92371c64cfc078','zcc','用户登录成功','/login/doLogin','','2018-09-27 11:01:59'),('41874fb446b24135971f6a1a331900c4','zcc','新增功能菜单','/system/menu/doAddAction','{\"pid\":[\"7b605a383580403d842c925feae7caff\"],\"code\":[\"080603\"],\"menuName\":[\"删除任务\"],\"resource\":[\"deleteTask\"],\"sort\":[\"4\"]}','2018-09-13 15:52:41'),('43684fac9e9f4973be1bf9b30bf5e330','zcc','创建用户','/gm/member/doAdd','{\"account\":[\"zcc\"],\"password\":[\"123123\"],\"password2\":[\"123123\"],\"telephone\":[\"18589046735\"],\"userheadpic\":[\"/upload/2018-08-28/z9ssyag76cyl5ht3azaj5qvchhznwups.jpg\"],\"file\":[\"\"]}','2018-08-28 17:55:36'),('4443ad76e413434c8b87fcfa597eef2a','zcc','用户登录成功','/login/doLogin','','2018-09-12 15:33:41'),('44a89668b9114fd19a9c8c42fb7a7178','zcc','用户登录成功','/login/doLogin','','2018-10-02 14:35:04'),('44d756fff7a64942a897fb960b5567b6','zcc','创建后台参数','/gm/user/doAdd','{\"number\":[\"123\"],\"name\":[\"123\"],\"data\":[\"123\"],\"auto\":[\"123\"]}','2018-09-27 11:48:43'),('46a8de2e1b0f43bdbec73e67651a7034','zcc','用户登录成功','/login/doLogin','','2018-10-09 19:23:50'),('474eafd9fde0406985a8973f114dd8c7','zcc','删除用户','/system/user/delete','{\"id\":[\"16be2c0cd6e7409e9675e5be821d54e4\"]}','2018-09-27 11:55:08'),('48ba1a37b66a4e05a2fc34eeeefdc9b4','zcc','用户登录成功','/login/doLogin','','2018-09-13 16:46:47'),('4a0c3b5d70ca40ee85b97468aa23d51f','zcc','创建目录菜单','/system/menu/doAddDir','{\"code\":[\"08\"],\"menuName\":[\"会员管理\"],\"sort\":[\"1\"],\"icon\":[\"fa-folder\"]}','2018-08-27 14:19:28'),('4b79ac6f8d46432784829b9c184020f4','zcc','用户登录成功','/login/doLogin','','2018-09-12 15:20:28'),('4ba3684bf7704afa95cd73d544f0eadc','zcc','新增功能菜单','/system/menu/doAddAction','{\"pid\":[\"709dbf88925240e5b060ac1b5e0b30ea\"],\"code\":[\"080701\"],\"menuName\":[\"增加交易\"],\"resource\":[\"addBusiness\"],\"sort\":[\"2\"]}','2018-09-13 16:44:48'),('4bd292e429c34cdda001620784bfd099','zcc','用户登录成功','/login/doLogin','','2018-09-28 14:15:20'),('4c0e5f123c334a5a824b1e6aa31fa2d2','zcc','用户登录成功','/login/doLogin','','2018-10-08 00:02:12'),('4ecb5bf184da42a48275ac23f07b2b35','zcc','角色分配权限','/system/role/doAuth','{\"roleId\":[\"b1f9ce5543a049be9f169a3f5e6b72a8\"],\"mid[]\":[\"1\",\"2\",\"d2bc30feb5474a1bb7e02d48d39a3f8a\",\"a73802e513cc4465883530ec8074abbb\",\"4253190001c1480fb0d631d64d150535\",\"649b484b58414d91aefa5a26143e6557\",\"3\",\"1db9105008404a3485b6fac30dba3c0e\",\"60dda993d87647f5989c15f14f866df9\",\"686630c7cb624cc786dcdc9958971a6b\",\"b4e7232189b14cf3ba160cf7b0d3bf37\",\"a5ebf29168234406939856bc6890c86b\",\"f899f3d3baec4571b1c786717f9906fd\",\"4\",\"488ef1eff57b4827acade7c0744278ce\",\"3f26102ef0e04c3c9328cb97067cc5fa\",\"dc5f478d98ed4297a8ae638fe90df050\",\"0c9b5fc8b44b41d1871a8fc8300247ec\",\"22e38e885f9b40b9aae6a36deb78e89c\",\"4e816a9854714d24b0413d929d637a2b\",\"3fb6a7a5935b4efabf3de82e7e1baeb6\",\"363a778e78a346a68210b2590163a943\",\"79d78b8357174cac8f44abd275dec597\",\"5\",\"5d3dd56c16ff4e32aecae1b3228159c7\",\"10\",\"0818e1c76bbd44eba3a698547ec4e637\",\"915c309ebe5047b68645b3eb777dd8c9\",\"f5a20c82110b4a3ea9e30ca01a038680\",\"42dd5ae31e3a43b3a197440e8ec19a94\",\"b27a38f8031f4537b7c3526c4390f0e2\",\"0b7432ba9e024e6cb7c37e3ed877b315\",\"62a35152b79a41f9a07182632f43cec2\",\"b409daecde9843de9b93c58b7cab2bfc\",\"9302bb94ac494003a4d53d2d4b83a942\",\"7b605a383580403d842c925feae7caff\",\"9fb2c8e2be214dbcac7612ea7cbddf87\",\"6453e7b021be478f8dc48f1c36e206d9\",\"e1315fc2c1e049cf97aec042b35a4eee\",\"ee9392dc124143419d4a687feda3197c\",\"98dcbcab968b4b308d21328fe4c25337\",\"1e05df2b9abe4017804f56fef6a4100f\",\"b4589985f1bb4039a84025e1b60cc9c4\",\"1964fea192944ff98da7bc77418da1d5\",\"d663176b740e496ca7c99050fa90148e\",\"3efe459fb41c404f9892ab1b781a1a4d\",\"4d682cfeb8304bf39e667bf42167499a\",\"17e5a5cb15494073b847c0cc1e189baa\",\"e07c9c13d9aa46eb9dba6e3cc1250f14\",\"fcff0e22ddb74b0f850b302ac70199ee\",\"593d16821b994237bab5efe6254d5c26\",\"f01edf57ee92445ebd03fdaab65bff7d\",\"f3c226dad87240528c060e2c58ebd4f2\",\"709dbf88925240e5b060ac1b5e0b30ea\",\"3f327b1619b34241b1a8ecf8688bfe84\",\"69d188a9534341fa9fb4fcd5cbc0a981\",\"38bf684d5d1048a89d2bcbdf4278733c\",\"b1465d32a95b45648d13098536607aa8\",\"a202f8d52b66415289f0308e3cb6e35e\",\"783cde31731642b99267e3c6d4c378ee\",\"124ee8dcf8a04e85b68de4ea4ca901d2\"]}','2018-09-27 13:29:13'),('4f671ce051324b118672c69902c89469','zcc','用户登录成功','/login/doLogin','','2018-09-13 16:55:36'),('4f8dcfe4065947dabbdd2fac61ec2166','zcc','编辑用户','/gm/member/doEdit','{\"id\":[\"2091b0d45d7045abbcaa2e36fb677ee2\"],\"account\":[\"xuehen1\"],\"password\":[\"\"],\"confpwd\":[\"\"],\"telephone\":[\"18589046735\"]}','2018-08-27 14:38:23'),('4fafeca298614584a220a0641ab5ee2a','zcc','创建菜单','/system/menu/doAddMenu','{\"pid\":[\"b27a38f8031f4537b7c3526c4390f0e2\"],\"code\":[\"0806\"],\"menuName\":[\"任务管理\"],\"url\":[\"/gm/task/list/1\"],\"sort\":[\"1\"],\"icon\":[\"fa-file\"]}','2018-09-13 15:50:17'),('4fbbd25c97e1446a93f611ed226d43d9','zcc','批量删除角色','/gm/notice/deleteBatch','{\"id[]\":[\"4\",\"3\"]}','2018-09-12 15:48:15'),('52428fa5af0243009388ab9ae6edd78e','zcc','批量删除角色','/gm/notice/deleteBatch','{\"id[]\":[\"on\",\"on\"]}','2018-09-12 15:43:55'),('527548cb4efe4c9dbab5c846b1086ccb','zcc','用户登录成功','/login/doLogin','','2018-09-12 15:53:24'),('550370129a3d45a4b1ce89e88e6a4d2b','zcc','用户登录成功','/login/doLogin','','2018-10-08 09:31:43'),('58761f22cced436db73645b12c5cdb3d','zcc','新增功能菜单','/system/menu/doAddAction','{\"pid\":[\"7b605a383580403d842c925feae7caff\"],\"code\":[\"080601\"],\"menuName\":[\"新增任务\"],\"resource\":[\"addTask\"],\"sort\":[\"2\"]}','2018-09-13 15:51:53'),('594676da504e4b9aa61c2d84a62dcb7f','zcc','用户登录成功','/login/doLogin','','2018-09-12 17:14:00'),('5a259ea5d62e44a5b0d2d0a47f768c0c','zcc','删除用户','/gm/message/delete','{\"id\":[\"829420a3651d452c87b894c162f75dcf\"]}','2018-08-28 16:51:14'),('5b1aadda552145df9591a2cf939e82d4','zcc','用户登录成功','/login/doLogin','','2018-10-08 13:50:27'),('5c255dcc234b4ab1a9b9ca822754a1ed','zcc','用户登录成功','/login/doLogin','','2018-08-28 16:48:52'),('5d54442e05724604b52df8d43f834c76','zcc','删除菜单','/system/menu/delete','{\"id\":[\"60610d001b0f471da0b1ce1ed14eeec5\"]}','2018-09-12 16:48:55'),('5d8864355713485ab32d169edfad364e','zcc','用户登录成功','/login/doLogin','','2018-09-27 11:10:24'),('62476646c2c2457589a5efcc2b764a48','zcc','用户登录成功','/login/doLogin','','2018-08-27 10:39:31'),('63d308eda43d4509a8607302ed4482cb','zcc','新增功能菜单','/system/menu/doAddAction','{\"pid\":[\"7b605a383580403d842c925feae7caff\"],\"code\":[\"080600\"],\"menuName\":[\"查看任务列表\"],\"resource\":[\"listTask\"],\"sort\":[\"1\"]}','2018-09-13 15:51:18'),('642c028a68794fb492ce5246f7e5b699','zcc','编辑用户','/gm/member/doEdit','{\"id\":[\"2091b0d45d7045abbcaa2e36fb677ee2\"],\"userName\":[\"xuehen1\"],\"password\":[\"\"],\"confpwd\":[\"\"],\"userDesc\":[\"18589046735\"]}','2018-08-27 14:36:02'),('64d4db11a4a346b6a96e17d514854980','zcc','用户登录成功','/login/doLogin','','2018-09-12 15:51:29'),('651dad6a1336421f82ccbf6e2a1a56da','zcc','用户登录成功','/login/doLogin','','2018-08-27 15:02:28'),('654f066953514ece80d7464b643d082c','zcc','用户登录成功','/login/doLogin','','2018-09-13 14:15:09'),('6608ea635a104256a169635f309b3220','zcc','用户登录成功','/login/doLogin','','2018-09-27 10:19:13'),('67ca1a40479c4327afad39dee994181e','zcc','角色分配权限','/system/role/doAuth','{\"roleId\":[\"b1f9ce5543a049be9f169a3f5e6b72a8\"],\"mid[]\":[\"1\",\"2\",\"d2bc30feb5474a1bb7e02d48d39a3f8a\",\"a73802e513cc4465883530ec8074abbb\",\"4253190001c1480fb0d631d64d150535\",\"649b484b58414d91aefa5a26143e6557\",\"3\",\"1db9105008404a3485b6fac30dba3c0e\",\"60dda993d87647f5989c15f14f866df9\",\"686630c7cb624cc786dcdc9958971a6b\",\"b4e7232189b14cf3ba160cf7b0d3bf37\",\"a5ebf29168234406939856bc6890c86b\",\"f899f3d3baec4571b1c786717f9906fd\",\"4\",\"488ef1eff57b4827acade7c0744278ce\",\"3f26102ef0e04c3c9328cb97067cc5fa\",\"dc5f478d98ed4297a8ae638fe90df050\",\"0c9b5fc8b44b41d1871a8fc8300247ec\",\"22e38e885f9b40b9aae6a36deb78e89c\",\"4e816a9854714d24b0413d929d637a2b\",\"3fb6a7a5935b4efabf3de82e7e1baeb6\",\"363a778e78a346a68210b2590163a943\",\"79d78b8357174cac8f44abd275dec597\",\"5\",\"5d3dd56c16ff4e32aecae1b3228159c7\",\"10\",\"0818e1c76bbd44eba3a698547ec4e637\",\"915c309ebe5047b68645b3eb777dd8c9\",\"f5a20c82110b4a3ea9e30ca01a038680\",\"42dd5ae31e3a43b3a197440e8ec19a94\",\"b27a38f8031f4537b7c3526c4390f0e2\",\"0b7432ba9e024e6cb7c37e3ed877b315\",\"62a35152b79a41f9a07182632f43cec2\",\"b409daecde9843de9b93c58b7cab2bfc\",\"9302bb94ac494003a4d53d2d4b83a942\",\"47c48bdbf86c4c87ad5590b49f1db982\",\"5aef278741fc4e7898dc3d1cafdfd1f6\",\"110d45e15ef9454c9620ce0c676d1fcd\",\"6087879c61ab4d7bb718ec62747e4d99\",\"6e53ef7715524378b358884088c46f6b\",\"476dbef5152040668acffbdb5683d49d\",\"c6bfb8c2d70b4b57a7da69b8b20538a4\",\"3da0154b4b4a4303bfc508f3d7e452db\",\"d9c96546f5c74f87a86c3febed252f4b\",\"6bdc1683d3ad44128f1f80bdbf0580e7\",\"08bc9ae261454d43a3d7c59c7e38507c\",\"f3e3b049dd9d4433a5a8dcaf78f38253\",\"ee54fe93fd0b4255a22fefeb2b6de084\",\"60610d001b0f471da0b1ce1ed14eeec5\",\"2cf4fc34f42b40ed9325489629689f9a\",\"b9cd0a3916fb4c969ecb0157e46be1c0\"]}','2018-08-28 16:37:17'),('68a8c44594de45489f855a8844781f51','zcc','编辑后台参数','/gm/backparam/doEdit','{\"data\":[\"1000,2000,3000,4000\"],\"auto\":[\"1\"]}','2018-09-12 17:18:59'),('69823355eb19449ead75787359d9ad93','zcc','用户登录成功','/login/doLogin','','2018-09-27 08:48:05'),('6997201b8a234968915e99205a7202bc','zcc','创建后台参数','/gm/backparam/doAdd','{\"number\":[\"004\"],\"name\":[\"任务积分\"],\"data\":[\"10000\"],\"auto\":[\"0\"]}','2018-09-12 17:14:41'),('69a90084ab364f47b834bd8747bb4b68','zcc','新增功能菜单','/system/menu/doAddAction','{\"pid\":[\"d663176b740e496ca7c99050fa90148e\"],\"code\":[\"080401\"],\"menuName\":[\"新增参数\"],\"resource\":[\"addBackParam\"],\"sort\":[\"2\"]}','2018-09-12 16:55:31'),('69ca2802c701466587344d1441531f12','zcc','用户登录成功','/login/doLogin','','2018-09-12 15:10:50'),('6d9806990db74fe9a29813bf97226e05','zcc','编辑后台参数','/gm/backparam/doEdit','{\"id\":[\"f780fcb80ce54385a3259893ec44d31d\"],\"data\":[\"50\"],\"auto\":[\"1\"]}','2018-09-12 17:20:22'),('6e7f37efee0d4c7db02b6046bfd0defb','zcc','角色分配权限','/system/role/doAuth','{\"roleId\":[\"b1f9ce5543a049be9f169a3f5e6b72a8\"],\"mid[]\":[\"1\",\"2\",\"d2bc30feb5474a1bb7e02d48d39a3f8a\",\"a73802e513cc4465883530ec8074abbb\",\"4253190001c1480fb0d631d64d150535\",\"649b484b58414d91aefa5a26143e6557\",\"3\",\"1db9105008404a3485b6fac30dba3c0e\",\"60dda993d87647f5989c15f14f866df9\",\"686630c7cb624cc786dcdc9958971a6b\",\"b4e7232189b14cf3ba160cf7b0d3bf37\",\"a5ebf29168234406939856bc6890c86b\",\"f899f3d3baec4571b1c786717f9906fd\",\"4\",\"488ef1eff57b4827acade7c0744278ce\",\"3f26102ef0e04c3c9328cb97067cc5fa\",\"dc5f478d98ed4297a8ae638fe90df050\",\"0c9b5fc8b44b41d1871a8fc8300247ec\",\"22e38e885f9b40b9aae6a36deb78e89c\",\"4e816a9854714d24b0413d929d637a2b\",\"3fb6a7a5935b4efabf3de82e7e1baeb6\",\"363a778e78a346a68210b2590163a943\",\"79d78b8357174cac8f44abd275dec597\",\"5\",\"5d3dd56c16ff4e32aecae1b3228159c7\",\"10\",\"0818e1c76bbd44eba3a698547ec4e637\",\"915c309ebe5047b68645b3eb777dd8c9\",\"f5a20c82110b4a3ea9e30ca01a038680\",\"42dd5ae31e3a43b3a197440e8ec19a94\",\"b27a38f8031f4537b7c3526c4390f0e2\",\"0b7432ba9e024e6cb7c37e3ed877b315\",\"62a35152b79a41f9a07182632f43cec2\",\"b409daecde9843de9b93c58b7cab2bfc\",\"9302bb94ac494003a4d53d2d4b83a942\",\"47c48bdbf86c4c87ad5590b49f1db982\",\"5aef278741fc4e7898dc3d1cafdfd1f6\",\"110d45e15ef9454c9620ce0c676d1fcd\",\"6087879c61ab4d7bb718ec62747e4d99\",\"6e53ef7715524378b358884088c46f6b\",\"98dcbcab968b4b308d21328fe4c25337\",\"1e05df2b9abe4017804f56fef6a4100f\",\"b4589985f1bb4039a84025e1b60cc9c4\",\"1964fea192944ff98da7bc77418da1d5\",\"d663176b740e496ca7c99050fa90148e\",\"3efe459fb41c404f9892ab1b781a1a4d\",\"4d682cfeb8304bf39e667bf42167499a\",\"17e5a5cb15494073b847c0cc1e189baa\",\"c4282a0f2b5f406aa885acc0c2385e74\",\"476dbef5152040668acffbdb5683d49d\",\"c6bfb8c2d70b4b57a7da69b8b20538a4\",\"3da0154b4b4a4303bfc508f3d7e452db\",\"d9c96546f5c74f87a86c3febed252f4b\",\"6bdc1683d3ad44128f1f80bdbf0580e7\",\"08bc9ae261454d43a3d7c59c7e38507c\",\"f3e3b049dd9d4433a5a8dcaf78f38253\",\"ee54fe93fd0b4255a22fefeb2b6de084\"]}','2018-09-12 17:01:29'),('6f54d91433db4a09a3a760f894d6ed0b','zcc','新增功能菜单','/system/menu/doAddAction','{\"pid\":[\"e07c9c13d9aa46eb9dba6e3cc1250f14\"],\"code\":[\"080501\"],\"menuName\":[\"新增用户\"],\"resource\":[\"addMyUser\"],\"sort\":[\"2\"]}','2018-09-13 14:18:05'),('717a02650bf8414fa347ca8c97904de4','zcc','用户登录成功','/login/doLogin','','2018-08-27 09:15:23'),('732c65f953b34e999f1668fe03f7a51d','zcc','删除菜单','/system/menu/delete','{\"id\":[\"08bc9ae261454d43a3d7c59c7e38507c\"]}','2018-09-27 10:07:25'),('73cd4bb7d5724d0cb36238e5047b293e','zcc','用户登录成功','/login/doLogin','','2018-10-09 19:37:18'),('746776e308074d3887afb535d0171494','zcc','删除菜单','/system/menu/delete','{\"id\":[\"ee54fe93fd0b4255a22fefeb2b6de084\"]}','2018-09-27 10:06:36'),('759c771f6a5e46e8af19c5493933cdb8','zcc','新增功能菜单','/system/menu/doAddAction','{\"pid\":[\"47c48bdbf86c4c87ad5590b49f1db982\"],\"code\":[\"080103\"],\"menuName\":[\"删除会员\"],\"resource\":[\"deleteMember\"],\"sort\":[\"4\"]}','2018-08-27 14:26:06'),('76b0a8aad47143db866a85a0c623e784','zcc','新增功能菜单','/system/menu/doAddAction','{\"pid\":[\"783cde31731642b99267e3c6d4c378ee\"],\"code\":[\"090100\"],\"menuName\":[\"查看投注列表\"],\"resource\":[\"listPool\"],\"sort\":[\"1\"]}','2018-09-13 17:50:43'),('778c73ab3f3843bfb28e12fb247b40d2','zcc','新增功能菜单','/system/menu/doAddAction','{\"pid\":[\"709dbf88925240e5b060ac1b5e0b30ea\"],\"code\":[\"080702\"],\"menuName\":[\"编辑交易\"],\"resource\":[\"editBusiness\"],\"sort\":[\"3\"]}','2018-09-13 16:45:07'),('77cb4e425d4d40f9a645309e40ecb3d4','zcc','用户登录成功','/login/doLogin','','2018-09-23 07:55:59'),('7b1e39e7ae52400c91a4803e185d2c48','zcc','用户登录成功','/login/doLogin','','2018-09-13 15:49:08'),('7be6a22b5e604b579a34fe71d1eda7a4','zcc','用户登录成功','/login/doLogin','','2018-08-27 10:36:54'),('7cba469a6149414bb8e131207df81ccd','zcc','新增功能菜单','/system/menu/doAddAction','{\"pid\":[\"98dcbcab968b4b308d21328fe4c25337\"],\"code\":[\"080300\"],\"menuName\":[\"查看公告列表\"],\"resource\":[\"listNotice\"],\"sort\":[\"1\"]}','2018-09-12 15:14:53'),('7d5c434809344cdaa0dbf28e27d64494','zcc','删除消息','/gm/message/delete','{\"id\":[\"1\"]}','2018-10-08 09:32:08'),('7e1703bf892042498e10ddba032ef475','zcc','角色分配权限','/system/role/doAuth','{\"roleId\":[\"b1f9ce5543a049be9f169a3f5e6b72a8\"],\"mid[]\":[\"1\",\"2\",\"d2bc30feb5474a1bb7e02d48d39a3f8a\",\"a73802e513cc4465883530ec8074abbb\",\"4253190001c1480fb0d631d64d150535\",\"649b484b58414d91aefa5a26143e6557\",\"3\",\"1db9105008404a3485b6fac30dba3c0e\",\"60dda993d87647f5989c15f14f866df9\",\"686630c7cb624cc786dcdc9958971a6b\",\"b4e7232189b14cf3ba160cf7b0d3bf37\",\"a5ebf29168234406939856bc6890c86b\",\"f899f3d3baec4571b1c786717f9906fd\",\"4\",\"488ef1eff57b4827acade7c0744278ce\",\"3f26102ef0e04c3c9328cb97067cc5fa\",\"dc5f478d98ed4297a8ae638fe90df050\",\"0c9b5fc8b44b41d1871a8fc8300247ec\",\"22e38e885f9b40b9aae6a36deb78e89c\",\"4e816a9854714d24b0413d929d637a2b\",\"3fb6a7a5935b4efabf3de82e7e1baeb6\",\"363a778e78a346a68210b2590163a943\",\"79d78b8357174cac8f44abd275dec597\",\"5\",\"5d3dd56c16ff4e32aecae1b3228159c7\",\"10\",\"0818e1c76bbd44eba3a698547ec4e637\",\"915c309ebe5047b68645b3eb777dd8c9\",\"f5a20c82110b4a3ea9e30ca01a038680\",\"42dd5ae31e3a43b3a197440e8ec19a94\",\"b27a38f8031f4537b7c3526c4390f0e2\",\"0b7432ba9e024e6cb7c37e3ed877b315\",\"62a35152b79a41f9a07182632f43cec2\",\"b409daecde9843de9b93c58b7cab2bfc\",\"9302bb94ac494003a4d53d2d4b83a942\",\"47c48bdbf86c4c87ad5590b49f1db982\",\"5aef278741fc4e7898dc3d1cafdfd1f6\",\"110d45e15ef9454c9620ce0c676d1fcd\",\"6087879c61ab4d7bb718ec62747e4d99\",\"6e53ef7715524378b358884088c46f6b\",\"7b605a383580403d842c925feae7caff\",\"9fb2c8e2be214dbcac7612ea7cbddf87\",\"6453e7b021be478f8dc48f1c36e206d9\",\"e1315fc2c1e049cf97aec042b35a4eee\",\"ee9392dc124143419d4a687feda3197c\",\"98dcbcab968b4b308d21328fe4c25337\",\"1e05df2b9abe4017804f56fef6a4100f\",\"b4589985f1bb4039a84025e1b60cc9c4\",\"1964fea192944ff98da7bc77418da1d5\",\"d663176b740e496ca7c99050fa90148e\",\"3efe459fb41c404f9892ab1b781a1a4d\",\"4d682cfeb8304bf39e667bf42167499a\",\"17e5a5cb15494073b847c0cc1e189baa\",\"c4282a0f2b5f406aa885acc0c2385e74\",\"e07c9c13d9aa46eb9dba6e3cc1250f14\",\"fcff0e22ddb74b0f850b302ac70199ee\",\"593d16821b994237bab5efe6254d5c26\",\"f01edf57ee92445ebd03fdaab65bff7d\",\"f3c226dad87240528c060e2c58ebd4f2\",\"709dbf88925240e5b060ac1b5e0b30ea\",\"3f327b1619b34241b1a8ecf8688bfe84\",\"69d188a9534341fa9fb4fcd5cbc0a981\",\"38bf684d5d1048a89d2bcbdf4278733c\",\"b1465d32a95b45648d13098536607aa8\",\"a202f8d52b66415289f0308e3cb6e35e\",\"783cde31731642b99267e3c6d4c378ee\",\"124ee8dcf8a04e85b68de4ea4ca901d2\"]}','2018-09-13 17:52:25'),('7ec5b79f679c4b5e9792ddb31e89345d','zcc','用户登录成功','/login/doLogin','','2018-10-09 19:27:16'),('7f68b8f367304331af8b6640bafe61e0','zcc','新增功能菜单','/system/menu/doAddAction','{\"pid\":[\"0b7432ba9e024e6cb7c37e3ed877b315\"],\"code\":[\"080203\"],\"menuName\":[\"删除列表\"],\"resource\":[\"deleteMessage\"],\"sort\":[\"2\"]}','2018-08-28 16:36:23'),('804a2be106b1491085615f2d0ff1249a','zcc','创建目录菜单','/system/menu/doAddDir','{\"code\":[\"09\"],\"menuName\":[\"数据统计\"],\"sort\":[\"3\"],\"icon\":[\"fa-folder\"]}','2018-09-13 17:48:21'),('80f7fe94f18749f3b18386205ad3100f','zcc','用户登录成功','/login/doLogin','','2018-10-08 09:12:08'),('844961fcf6eb422dbd04798977d36bb4','zcc','用户登录成功','/login/doLogin','','2018-09-12 15:22:07'),('858529d353db4a8da1df239936b989d3','zcc','用户登录成功','/login/doLogin','','2018-09-27 11:33:19'),('86da6270c5bf44d890ac7e4d6defe531','zcc','用户登录成功','/login/doLogin','','2018-10-09 15:49:57'),('8837334c3c6149d3b6f21fa999e0cf6f','zcc','创建用户','/gm/member/doAdd','{\"account\":[\"lili\"],\"password\":[\"123123\"],\"password2\":[\"123123\"],\"telephone\":[\"13707680285\"]}','2018-08-27 14:35:41'),('8853cb1a67004db1bc991cda942952f2','zcc','用户登录成功','/login/doLogin','','2018-09-13 16:57:42'),('88dad6ee8e224a29befb6674a3ef2a3e','zcc','批量删除消息','/gm/message/deleteBatch','{\"id[]\":[\"5\",\"4\"]}','2018-10-08 09:33:15'),('89db238fc3714a2daa1e9b7f94d0bfb4','zcc','创建公告','/gm/notice/doAdd','{\"title\":[\"1\"],\"content\":[\"1\"]}','2018-09-12 15:43:45'),('8a209706f73e4bcea597edb2b4a83ec4','zcc','用户登录成功','/login/doLogin','','2018-10-08 09:49:33'),('8a6b084705854b2f98abd25fca4c75b6','zcc','创建公告','/gm/notice/doAdd','{\"title\":[\"测试!\"],\"content\":[\"测试一波！\"]}','2018-09-28 13:48:35'),('8b967c3cf3be4e35818c069943351346','zcc','用户登录成功','/login/doLogin','','2018-08-29 08:54:32'),('8c814fdf631d48c08712caffce650f1e','zcc','删除菜单','/system/menu/delete','{\"id\":[\"f3e3b049dd9d4433a5a8dcaf78f38253\"]}','2018-09-27 10:06:57'),('8d43529328a143928be22d10e3fef796','zcc','用户登录成功','/login/doLogin','','2018-09-13 10:50:12'),('8e7bdbb135b54a07898e25580073f731','zcc','用户登录成功','/login/doLogin','','2018-10-09 19:02:15'),('950322c6fd1344258f74ab099136667b','zcc','创建菜单','/system/menu/doAddMenu','{\"pid\":[\"b27a38f8031f4537b7c3526c4390f0e2\"],\"code\":[\"0807\"],\"menuName\":[\"交易管理\"],\"url\":[\"/gm/business/list/1\"],\"sort\":[\"7\"],\"icon\":[\"fa-file\"]}','2018-09-13 16:43:49'),('968ae0e7eaf34c79ad0e2a71dea60bb4','zcc','用户登录成功','/login/doLogin','','2018-08-27 14:28:20'),('991f36ef1f094ca9a34ed8d62021116d','zcc','创建菜单','/system/menu/doAddMenu','{\"pid\":[\"b27a38f8031f4537b7c3526c4390f0e2\"],\"code\":[\"0802\"],\"menuName\":[\"消息管理\"],\"url\":[\"/gm/message/list/1\"],\"sort\":[\"1\"],\"icon\":[\"fa-file\"]}','2018-08-28 16:34:24'),('9968ee4de29a4e98849cb277a53cb606','zcc','用户登录成功','/login/doLogin','','2018-10-08 09:29:19'),('a0f3ce8956684ab2b76fb045363a3c9d','zcc','新增功能菜单','/system/menu/doAddAction','{\"pid\":[\"e07c9c13d9aa46eb9dba6e3cc1250f14\"],\"code\":[\"080502\"],\"menuName\":[\"编辑用户\"],\"resource\":[\"editMyUser\"],\"sort\":[\"3\"]}','2018-09-13 14:18:22'),('a10b89cd45784e278bab11f0d987b045','zcc','创建后台参数','/gm/backparam/doAdd','{\"number\":[\"001\"],\"name\":[\"注册积分\"],\"data\":[\"1000,2000,3000\"],\"auto\":[\"1\"]}','2018-09-12 17:09:42'),('a152c642128a4551adf7b2f208e9ddca','zcc','用户登录成功','/login/doLogin','','2018-08-20 17:39:37'),('a18115625ba7468284a0ae504368f5d9','zcc','用户登录成功','/login/doLogin','','2018-09-28 06:42:48'),('a19d59b3c31e409f918fa2a8d05be4f6','zcc','角色分配权限','/system/role/doAuth','{\"roleId\":[\"b1f9ce5543a049be9f169a3f5e6b72a8\"],\"mid[]\":[\"1\",\"2\",\"d2bc30feb5474a1bb7e02d48d39a3f8a\",\"a73802e513cc4465883530ec8074abbb\",\"4253190001c1480fb0d631d64d150535\",\"649b484b58414d91aefa5a26143e6557\",\"3\",\"1db9105008404a3485b6fac30dba3c0e\",\"60dda993d87647f5989c15f14f866df9\",\"686630c7cb624cc786dcdc9958971a6b\",\"b4e7232189b14cf3ba160cf7b0d3bf37\",\"a5ebf29168234406939856bc6890c86b\",\"f899f3d3baec4571b1c786717f9906fd\",\"4\",\"488ef1eff57b4827acade7c0744278ce\",\"3f26102ef0e04c3c9328cb97067cc5fa\",\"dc5f478d98ed4297a8ae638fe90df050\",\"0c9b5fc8b44b41d1871a8fc8300247ec\",\"22e38e885f9b40b9aae6a36deb78e89c\",\"4e816a9854714d24b0413d929d637a2b\",\"3fb6a7a5935b4efabf3de82e7e1baeb6\",\"363a778e78a346a68210b2590163a943\",\"79d78b8357174cac8f44abd275dec597\",\"5\",\"5d3dd56c16ff4e32aecae1b3228159c7\",\"10\",\"0818e1c76bbd44eba3a698547ec4e637\",\"915c309ebe5047b68645b3eb777dd8c9\",\"f5a20c82110b4a3ea9e30ca01a038680\",\"42dd5ae31e3a43b3a197440e8ec19a94\",\"b27a38f8031f4537b7c3526c4390f0e2\",\"0b7432ba9e024e6cb7c37e3ed877b315\",\"62a35152b79a41f9a07182632f43cec2\",\"b409daecde9843de9b93c58b7cab2bfc\",\"9302bb94ac494003a4d53d2d4b83a942\",\"7b605a383580403d842c925feae7caff\",\"9fb2c8e2be214dbcac7612ea7cbddf87\",\"6453e7b021be478f8dc48f1c36e206d9\",\"e1315fc2c1e049cf97aec042b35a4eee\",\"ee9392dc124143419d4a687feda3197c\",\"98dcbcab968b4b308d21328fe4c25337\",\"1e05df2b9abe4017804f56fef6a4100f\",\"b4589985f1bb4039a84025e1b60cc9c4\",\"1964fea192944ff98da7bc77418da1d5\",\"d663176b740e496ca7c99050fa90148e\",\"3efe459fb41c404f9892ab1b781a1a4d\",\"4d682cfeb8304bf39e667bf42167499a\",\"17e5a5cb15494073b847c0cc1e189baa\",\"c4282a0f2b5f406aa885acc0c2385e74\",\"e07c9c13d9aa46eb9dba6e3cc1250f14\",\"fcff0e22ddb74b0f850b302ac70199ee\",\"593d16821b994237bab5efe6254d5c26\",\"f01edf57ee92445ebd03fdaab65bff7d\",\"f3c226dad87240528c060e2c58ebd4f2\",\"709dbf88925240e5b060ac1b5e0b30ea\",\"3f327b1619b34241b1a8ecf8688bfe84\",\"69d188a9534341fa9fb4fcd5cbc0a981\",\"38bf684d5d1048a89d2bcbdf4278733c\",\"b1465d32a95b45648d13098536607aa8\",\"a202f8d52b66415289f0308e3cb6e35e\",\"783cde31731642b99267e3c6d4c378ee\",\"124ee8dcf8a04e85b68de4ea4ca901d2\"]}','2018-09-27 10:09:38'),('a27b5c78f67a414f8ecb425a0a21322f','zcc','创建菜单','/system/menu/doAddMenu','{\"pid\":[\"a202f8d52b66415289f0308e3cb6e35e\"],\"code\":[\"0901\"],\"menuName\":[\"投注管理\"],\"url\":[\"/gm/pool/list/1\"],\"sort\":[\"1\"],\"icon\":[\"fa-file\"]}','2018-09-13 17:49:29'),('a322eadff157448bbb121fe6c1ee54e3','zcc','创建菜单','/system/menu/doAddMenu','{\"pid\":[\"b27a38f8031f4537b7c3526c4390f0e2\"],\"code\":[\"0804\"],\"menuName\":[\"后台参数管理\"],\"url\":[\"/gm/backparam/list/1\"],\"sort\":[\"1\"],\"icon\":[\"fa-file\"]}','2018-09-12 16:53:31'),('a5d3f4eb6a36417f8b04b4f85676b8b3','zcc','新增功能菜单','/system/menu/doAddAction','{\"pid\":[\"709dbf88925240e5b060ac1b5e0b30ea\"],\"code\":[\"080703\"],\"menuName\":[\"删除交易\"],\"resource\":[\"deleteBusiness\"],\"sort\":[\"4\"]}','2018-09-13 16:45:25'),('a7889fa5bac24adca89cedb6e2628949','zcc','批量删除后台参数','/gm/user/deleteBatch','{\"id[]\":[\"2\",\"3\"]}','2018-09-27 11:50:28'),('aa9c8d00619d4568b7d3f8d57e36b45f','zcc','用户登录成功','/login/doLogin','','2018-10-09 18:44:36'),('ac5d2683579b42048387212f369eb618','zcc','用户登录成功','/login/doLogin','','2018-08-27 10:34:53'),('ae0ad4f0c2d04edb811e5a7875803ffe','zcc','用户登录成功','/login/doLogin','','2018-08-28 17:00:45'),('ae17618f0c8545569a8401874f8d8395','zcc','删除用户','/gm/member/delete','{\"id\":[\"2091b0d45d7045abbcaa2e36fb677ee2\"]}','2018-08-27 14:38:35'),('ae765fb7ad5f42f09c72573677c80377','zcc','新增功能菜单','/system/menu/doAddAction','{\"pid\":[\"d663176b740e496ca7c99050fa90148e\"],\"code\":[\"080403\"],\"menuName\":[\"删除参数\"],\"resource\":[\"deleteBackParam\"],\"sort\":[\"4\"]}','2018-09-12 16:56:09'),('aeeeb89d64554c3fb93d34c4ffc6a5fc','zcc','用户登录成功','/login/doLogin','','2018-09-13 17:47:00'),('b03a3f9e3a884f6d8d846d731580a9c8','zcc','用户登录成功','/login/doLogin','','2018-08-27 10:18:37'),('b0c164c8357f4ab588a7a578670f4034','zcc','角色分配权限','/system/role/doAuth','{\"roleId\":[\"b1f9ce5543a049be9f169a3f5e6b72a8\"],\"mid[]\":[\"1\",\"2\",\"d2bc30feb5474a1bb7e02d48d39a3f8a\",\"a73802e513cc4465883530ec8074abbb\",\"4253190001c1480fb0d631d64d150535\",\"649b484b58414d91aefa5a26143e6557\",\"3\",\"1db9105008404a3485b6fac30dba3c0e\",\"60dda993d87647f5989c15f14f866df9\",\"686630c7cb624cc786dcdc9958971a6b\",\"b4e7232189b14cf3ba160cf7b0d3bf37\",\"a5ebf29168234406939856bc6890c86b\",\"f899f3d3baec4571b1c786717f9906fd\",\"4\",\"488ef1eff57b4827acade7c0744278ce\",\"3f26102ef0e04c3c9328cb97067cc5fa\",\"dc5f478d98ed4297a8ae638fe90df050\",\"0c9b5fc8b44b41d1871a8fc8300247ec\",\"22e38e885f9b40b9aae6a36deb78e89c\",\"4e816a9854714d24b0413d929d637a2b\",\"3fb6a7a5935b4efabf3de82e7e1baeb6\",\"363a778e78a346a68210b2590163a943\",\"79d78b8357174cac8f44abd275dec597\",\"5\",\"5d3dd56c16ff4e32aecae1b3228159c7\",\"10\",\"0818e1c76bbd44eba3a698547ec4e637\",\"915c309ebe5047b68645b3eb777dd8c9\",\"f5a20c82110b4a3ea9e30ca01a038680\",\"42dd5ae31e3a43b3a197440e8ec19a94\",\"b27a38f8031f4537b7c3526c4390f0e2\",\"0b7432ba9e024e6cb7c37e3ed877b315\",\"62a35152b79a41f9a07182632f43cec2\",\"b409daecde9843de9b93c58b7cab2bfc\",\"9302bb94ac494003a4d53d2d4b83a942\",\"47c48bdbf86c4c87ad5590b49f1db982\",\"5aef278741fc4e7898dc3d1cafdfd1f6\",\"110d45e15ef9454c9620ce0c676d1fcd\",\"6087879c61ab4d7bb718ec62747e4d99\",\"6e53ef7715524378b358884088c46f6b\",\"7b605a383580403d842c925feae7caff\",\"9fb2c8e2be214dbcac7612ea7cbddf87\",\"6453e7b021be478f8dc48f1c36e206d9\",\"e1315fc2c1e049cf97aec042b35a4eee\",\"ee9392dc124143419d4a687feda3197c\",\"98dcbcab968b4b308d21328fe4c25337\",\"1e05df2b9abe4017804f56fef6a4100f\",\"b4589985f1bb4039a84025e1b60cc9c4\",\"1964fea192944ff98da7bc77418da1d5\",\"d663176b740e496ca7c99050fa90148e\",\"3efe459fb41c404f9892ab1b781a1a4d\",\"4d682cfeb8304bf39e667bf42167499a\",\"17e5a5cb15494073b847c0cc1e189baa\",\"c4282a0f2b5f406aa885acc0c2385e74\",\"e07c9c13d9aa46eb9dba6e3cc1250f14\",\"fcff0e22ddb74b0f850b302ac70199ee\",\"593d16821b994237bab5efe6254d5c26\",\"f01edf57ee92445ebd03fdaab65bff7d\",\"f3c226dad87240528c060e2c58ebd4f2\",\"476dbef5152040668acffbdb5683d49d\",\"c6bfb8c2d70b4b57a7da69b8b20538a4\",\"3da0154b4b4a4303bfc508f3d7e452db\",\"d9c96546f5c74f87a86c3febed252f4b\",\"6bdc1683d3ad44128f1f80bdbf0580e7\",\"08bc9ae261454d43a3d7c59c7e38507c\",\"f3e3b049dd9d4433a5a8dcaf78f38253\",\"ee54fe93fd0b4255a22fefeb2b6de084\"]}','2018-09-13 15:53:11'),('b16308b7471a4e809f31d7037c87ee14','zcc','创建后台参数','/gm/backparam/doAdd','{\"number\":[\"003\"],\"name\":[\"赔率\"],\"data\":[\"1.9\"],\"auto\":[\"1\"]}','2018-09-12 17:11:10'),('b1d9b0b8a8e04c30a1a4df823a06cc02','zcc','用户登录成功','/login/doLogin','','2018-08-27 14:15:56'),('b2816f196c63428ebbea87dc83c4780e','zcc','用户登录成功','/login/doLogin','','2018-08-27 14:34:58'),('b3897a292a6644a6a8fb17606ba60c46','zcc','创建用户','/gm/message/doAdd','{\"account\":[\"lili\"],\"content\":[\"zzzzzz\"]}','2018-08-28 16:46:16'),('b577637a1eba4246b2314b8d20c22ba2','zcc','新增功能菜单','/system/menu/doAddAction','{\"pid\":[\"e07c9c13d9aa46eb9dba6e3cc1250f14\"],\"code\":[\"080503\"],\"menuName\":[\"删除用户\"],\"resource\":[\"deleteMyUser\"],\"sort\":[\"4\"]}','2018-09-13 14:18:41'),('b5930edeaed04127b12efcbd4d248bf5','zcc','创建角色','/system/role/doAdd','{\"roleName\":[\"测试角色\"],\"roleDesc\":[\"\"],\"roleState\":[\"1\"]}','2018-09-27 11:43:36'),('b764c61d0b0349c19b38edb5fd6e9095','zcc','删除任务','/gm/task/delete','{\"id\":[\"2\"]}','2018-09-28 14:45:00'),('b78304d29fdc4257a8463f536d753a68','zcc','创建菜单','/system/menu/doAddMenu','{\"pid\":[\"b27a38f8031f4537b7c3526c4390f0e2\"],\"code\":[\"0805\"],\"menuName\":[\"用户管理\"],\"url\":[\"/gm/user/list/1\"],\"sort\":[\"1\"],\"icon\":[\"fa-file\"]}','2018-09-13 14:16:31'),('b7a86b9744c949d4bda5020cba48e58b','zcc','用户登录成功','/login/doLogin','','2018-08-27 10:38:11'),('b84b0552993f42fd97c20bb8e5c95d32','zcc','新增功能菜单','/system/menu/doAddAction','{\"pid\":[\"d663176b740e496ca7c99050fa90148e\"],\"code\":[\"080400\"],\"menuName\":[\"查看参数列表\"],\"resource\":[\"listBackParam\"],\"sort\":[\"1\"]}','2018-09-12 16:55:06'),('b86c9fcca001494691bfc2ffb2e1bec4','zcc','创建公告','/gm/notice/doAdd','{\"title\":[\"中秋回馈礼\"],\"content\":[\"热烈祝贺中秋佳节。\"]}','2018-09-12 15:27:44'),('b941db19366d49adba2f38aadef2f8be','zcc','创建用户','/gm/message/doAdd','{\"account\":[\"daidai\"],\"content\":[\"zcc\"]}','2018-08-28 16:49:58'),('ba643014b495410bbb4f5cb7aa80e2b2','zcc','新增功能菜单','/system/menu/doAddAction','{\"pid\":[\"7b605a383580403d842c925feae7caff\"],\"code\":[\"080602\"],\"menuName\":[\"编辑任务\"],\"resource\":[\"editTask\"],\"sort\":[\"3\"]}','2018-09-13 15:52:20'),('bcfc759916b24878a9fa1311c61c360d','zcc','角色分配权限','/system/role/doAuth','{\"roleId\":[\"b1f9ce5543a049be9f169a3f5e6b72a8\"],\"mid[]\":[\"1\",\"2\",\"d2bc30feb5474a1bb7e02d48d39a3f8a\",\"a73802e513cc4465883530ec8074abbb\",\"4253190001c1480fb0d631d64d150535\",\"649b484b58414d91aefa5a26143e6557\",\"3\",\"1db9105008404a3485b6fac30dba3c0e\",\"60dda993d87647f5989c15f14f866df9\",\"686630c7cb624cc786dcdc9958971a6b\",\"b4e7232189b14cf3ba160cf7b0d3bf37\",\"a5ebf29168234406939856bc6890c86b\",\"f899f3d3baec4571b1c786717f9906fd\",\"4\",\"488ef1eff57b4827acade7c0744278ce\",\"3f26102ef0e04c3c9328cb97067cc5fa\",\"dc5f478d98ed4297a8ae638fe90df050\",\"0c9b5fc8b44b41d1871a8fc8300247ec\",\"22e38e885f9b40b9aae6a36deb78e89c\",\"4e816a9854714d24b0413d929d637a2b\",\"3fb6a7a5935b4efabf3de82e7e1baeb6\",\"363a778e78a346a68210b2590163a943\",\"79d78b8357174cac8f44abd275dec597\",\"5\",\"5d3dd56c16ff4e32aecae1b3228159c7\",\"10\",\"0818e1c76bbd44eba3a698547ec4e637\",\"915c309ebe5047b68645b3eb777dd8c9\",\"f5a20c82110b4a3ea9e30ca01a038680\",\"42dd5ae31e3a43b3a197440e8ec19a94\",\"b27a38f8031f4537b7c3526c4390f0e2\",\"0b7432ba9e024e6cb7c37e3ed877b315\",\"62a35152b79a41f9a07182632f43cec2\",\"b409daecde9843de9b93c58b7cab2bfc\",\"9302bb94ac494003a4d53d2d4b83a942\",\"47c48bdbf86c4c87ad5590b49f1db982\",\"5aef278741fc4e7898dc3d1cafdfd1f6\",\"110d45e15ef9454c9620ce0c676d1fcd\",\"6087879c61ab4d7bb718ec62747e4d99\",\"6e53ef7715524378b358884088c46f6b\",\"98dcbcab968b4b308d21328fe4c25337\",\"1e05df2b9abe4017804f56fef6a4100f\",\"b4589985f1bb4039a84025e1b60cc9c4\",\"1964fea192944ff98da7bc77418da1d5\",\"d663176b740e496ca7c99050fa90148e\",\"3efe459fb41c404f9892ab1b781a1a4d\",\"4d682cfeb8304bf39e667bf42167499a\",\"17e5a5cb15494073b847c0cc1e189baa\",\"c4282a0f2b5f406aa885acc0c2385e74\",\"e07c9c13d9aa46eb9dba6e3cc1250f14\",\"fcff0e22ddb74b0f850b302ac70199ee\",\"593d16821b994237bab5efe6254d5c26\",\"f01edf57ee92445ebd03fdaab65bff7d\",\"f3c226dad87240528c060e2c58ebd4f2\",\"476dbef5152040668acffbdb5683d49d\",\"c6bfb8c2d70b4b57a7da69b8b20538a4\",\"3da0154b4b4a4303bfc508f3d7e452db\",\"d9c96546f5c74f87a86c3febed252f4b\",\"6bdc1683d3ad44128f1f80bdbf0580e7\",\"08bc9ae261454d43a3d7c59c7e38507c\",\"f3e3b049dd9d4433a5a8dcaf78f38253\",\"ee54fe93fd0b4255a22fefeb2b6de084\"]}','2018-09-13 14:19:40'),('be2a3b3feba24d2783c1914177689c57','zcc','创建后台参数','/gm/backparam/doAdd','{\"number\":[\"005\"],\"name\":[\"返还积分\"],\"data\":[\"10\"],\"auto\":[\"1\"]}','2018-09-12 17:15:11'),('bfe8da411bbb4a478f8b3d65d15d7181','zcc','用户登录成功','/login/doLogin','','2018-08-28 17:59:24'),('c1a41b08c3c349328feb19498df3134a','zcc','用户登录成功','/login/doLogin','','2018-08-29 08:48:53'),('c2765f31a6994360b2be077a591d9ea1','zcc','创建用户','/gm/message/doAdd','{\"account\":[\"zcc\"],\"content\":[\"456\"]}','2018-09-12 15:54:46'),('c3900ecb74514c55be5d3bde5229b343','zcc','用户登录成功','/login/doLogin','','2018-09-12 17:04:17'),('c43e732f6da14d51baeee77f59950ba1','zcc','用户登录成功','/login/doLogin','','2018-10-09 19:26:17'),('c5a5cf6c4e9f4f8a84e522d40acfd878','zcc','用户登录成功','/login/doLogin','','2018-08-28 16:41:31'),('c5b7de6edd2c4a9e86a8d6ac183e58e8','zcc','用户登录成功','/login/doLogin','','2018-09-12 15:31:48'),('c5cba089fed94274a52cb4e15db059ce','zcc','新增功能菜单','/system/menu/doAddAction','{\"pid\":[\"98dcbcab968b4b308d21328fe4c25337\"],\"code\":[\"080301\"],\"menuName\":[\"新增公告\"],\"resource\":[\"addNotice\"],\"sort\":[\"2\"]}','2018-09-12 15:16:01'),('c5ce77e9e4d04891b4b491e837476606','zcc','删除菜单','/system/menu/delete','{\"id\":[\"d9c96546f5c74f87a86c3febed252f4b\"]}','2018-09-27 10:08:36'),('c7402767ed23490e94a289a26fcb9125','zcc','用户登录成功','/login/doLogin','','2018-09-12 15:43:33'),('c7ff6154ed1040fab17532433bcf4286','zcc','删除任务','/gm/task/delete','{\"id\":[\"1\"]}','2018-09-13 16:07:57'),('c9267fa6ba5d49988952927ecf702cc7','zcc','用户登录成功','/login/doLogin','','2018-09-13 17:53:09'),('c99d9aad6cd5429baf69bf93487a1ac8','admin','用户登录成功','/login/doLogin','','2018-08-27 09:08:29'),('ca36ba1fd65b447a9dde5b98ced8405b','zcc','用户登录成功','/login/doLogin','','2018-09-27 10:16:20'),('ca3fa27f3ee34cb0b4c9b512ac6d2d81','zcc','用户登录成功','/login/doLogin','','2018-10-09 18:42:26'),('cb4b8599cfa24bf7878b9668d5e2f3da','zcc','创建后台参数','/gm/backparam/doAdd','{\"number\":[\"002\"],\"name\":[\"注册积分抵押\"],\"data\":[\"50\"],\"auto\":[\"1\"]}','2018-09-12 17:10:36'),('cd32a06693e54dc59ac3406511f2efcd','zcc','用户登录成功','/login/doLogin','','2018-08-28 16:32:36'),('cf16fc62740b486e9e89dcab906c4d13','zcc','用户登录成功','/login/doLogin','','2018-09-27 09:16:07'),('cf3bf81013074fd2b3a85c522c830c35','zcc','用户登录成功','/login/doLogin','','2018-09-12 16:47:49'),('cf6e1d82fc5241cda44c5c80005b056f','zcc','创建菜单','/system/menu/doAddMenu','{\"pid\":[\"b27a38f8031f4537b7c3526c4390f0e2\"],\"code\":[\"0803\"],\"menuName\":[\"公告管理\"],\"url\":[\"/gm/notice/list/1\"],\"sort\":[\"1\"],\"icon\":[\"fa-file\"]}','2018-09-12 15:13:20'),('d170ea7ad5524c87a5131e1fe77eb0e3','zcc','创建公告','/gm/notice/doAdd','{\"title\":[\"2\"],\"content\":[\"2\"]}','2018-09-12 15:43:50'),('d397ce994c9843609763de89da597da0','admin','角色分配权限','/system/role/doAuth','{\"roleId\":[\"b1f9ce5543a049be9f169a3f5e6b72a8\"],\"mid[]\":[\"1\",\"2\",\"d2bc30feb5474a1bb7e02d48d39a3f8a\",\"a73802e513cc4465883530ec8074abbb\",\"4253190001c1480fb0d631d64d150535\",\"649b484b58414d91aefa5a26143e6557\",\"3\",\"1db9105008404a3485b6fac30dba3c0e\",\"686630c7cb624cc786dcdc9958971a6b\",\"b4e7232189b14cf3ba160cf7b0d3bf37\",\"a5ebf29168234406939856bc6890c86b\",\"f899f3d3baec4571b1c786717f9906fd\",\"4\",\"488ef1eff57b4827acade7c0744278ce\",\"3f26102ef0e04c3c9328cb97067cc5fa\",\"dc5f478d98ed4297a8ae638fe90df050\",\"0c9b5fc8b44b41d1871a8fc8300247ec\",\"22e38e885f9b40b9aae6a36deb78e89c\",\"4e816a9854714d24b0413d929d637a2b\",\"3fb6a7a5935b4efabf3de82e7e1baeb6\",\"363a778e78a346a68210b2590163a943\",\"79d78b8357174cac8f44abd275dec597\",\"5\",\"5d3dd56c16ff4e32aecae1b3228159c7\",\"10\",\"0818e1c76bbd44eba3a698547ec4e637\",\"915c309ebe5047b68645b3eb777dd8c9\",\"f5a20c82110b4a3ea9e30ca01a038680\",\"42dd5ae31e3a43b3a197440e8ec19a94\",\"476dbef5152040668acffbdb5683d49d\",\"c6bfb8c2d70b4b57a7da69b8b20538a4\",\"3da0154b4b4a4303bfc508f3d7e452db\",\"d9c96546f5c74f87a86c3febed252f4b\",\"6bdc1683d3ad44128f1f80bdbf0580e7\",\"08bc9ae261454d43a3d7c59c7e38507c\",\"f3e3b049dd9d4433a5a8dcaf78f38253\",\"ee54fe93fd0b4255a22fefeb2b6de084\",\"60610d001b0f471da0b1ce1ed14eeec5\",\"2cf4fc34f42b40ed9325489629689f9a\",\"b9cd0a3916fb4c969ecb0157e46be1c0\"]}','2018-08-20 17:38:42'),('d491cf36c68e4c6baf3a283a0ef3fedf','zcc','用户登录成功','/login/doLogin','','2018-10-08 09:48:38'),('d4cc8a5ba70b424ba2b3629a7b77f528','zcc','新增功能菜单','/system/menu/doAddAction','{\"pid\":[\"709dbf88925240e5b060ac1b5e0b30ea\"],\"code\":[\"080700\"],\"menuName\":[\"查看交易列表\"],\"resource\":[\"listBusiness\"],\"sort\":[\"1\"]}','2018-09-13 16:44:29'),('d55b5af2470d424db8b423505584874a','zcc','用户登录成功','/login/doLogin','','2018-09-27 09:18:05'),('d6000864b66a4094ae3323b127d4f263','zcc','新增功能菜单','/system/menu/doAddAction','{\"pid\":[\"e07c9c13d9aa46eb9dba6e3cc1250f14\"],\"code\":[\"080500\"],\"menuName\":[\"查看用户列表\"],\"resource\":[\"listMyUser\"],\"sort\":[\"1\"]}','2018-09-13 14:17:36'),('d77e2db80c3f4888a0949f4a1aee7ac6','zcc','用户登录成功','/login/doLogin','','2018-10-09 23:36:44'),('da1412987cfa4e3c9fd6e5aa50c324ed','admin','创建用户','/system/user/doAdd','{\"userName\":[\"zcc\"],\"deptId\":[\"9a329b597d754c4180c6b40cdfb0f565\"],\"password\":[\"123123\"],\"password2\":[\"123123\"],\"userDesc\":[\"zcc\"],\"userState\":[\"1\"],\"roleId[]\":[\"b1f9ce5543a049be9f169a3f5e6b72a8\"]}','2018-08-20 17:37:13'),('da3773f38e32447190ea2df50b73a92a','zcc','角色分配权限','/system/role/doAuth','{\"roleId\":[\"b1f9ce5543a049be9f169a3f5e6b72a8\"],\"mid[]\":[\"1\",\"2\",\"d2bc30feb5474a1bb7e02d48d39a3f8a\",\"a73802e513cc4465883530ec8074abbb\",\"4253190001c1480fb0d631d64d150535\",\"649b484b58414d91aefa5a26143e6557\",\"3\",\"1db9105008404a3485b6fac30dba3c0e\",\"60dda993d87647f5989c15f14f866df9\",\"686630c7cb624cc786dcdc9958971a6b\",\"b4e7232189b14cf3ba160cf7b0d3bf37\",\"a5ebf29168234406939856bc6890c86b\",\"f899f3d3baec4571b1c786717f9906fd\",\"4\",\"488ef1eff57b4827acade7c0744278ce\",\"3f26102ef0e04c3c9328cb97067cc5fa\",\"dc5f478d98ed4297a8ae638fe90df050\",\"0c9b5fc8b44b41d1871a8fc8300247ec\",\"22e38e885f9b40b9aae6a36deb78e89c\",\"4e816a9854714d24b0413d929d637a2b\",\"3fb6a7a5935b4efabf3de82e7e1baeb6\",\"363a778e78a346a68210b2590163a943\",\"79d78b8357174cac8f44abd275dec597\",\"5\",\"5d3dd56c16ff4e32aecae1b3228159c7\",\"10\",\"0818e1c76bbd44eba3a698547ec4e637\",\"915c309ebe5047b68645b3eb777dd8c9\",\"f5a20c82110b4a3ea9e30ca01a038680\",\"42dd5ae31e3a43b3a197440e8ec19a94\",\"b27a38f8031f4537b7c3526c4390f0e2\",\"0b7432ba9e024e6cb7c37e3ed877b315\",\"62a35152b79a41f9a07182632f43cec2\",\"b409daecde9843de9b93c58b7cab2bfc\",\"9302bb94ac494003a4d53d2d4b83a942\",\"47c48bdbf86c4c87ad5590b49f1db982\",\"5aef278741fc4e7898dc3d1cafdfd1f6\",\"110d45e15ef9454c9620ce0c676d1fcd\",\"6087879c61ab4d7bb718ec62747e4d99\",\"6e53ef7715524378b358884088c46f6b\",\"7b605a383580403d842c925feae7caff\",\"9fb2c8e2be214dbcac7612ea7cbddf87\",\"6453e7b021be478f8dc48f1c36e206d9\",\"e1315fc2c1e049cf97aec042b35a4eee\",\"ee9392dc124143419d4a687feda3197c\",\"98dcbcab968b4b308d21328fe4c25337\",\"1e05df2b9abe4017804f56fef6a4100f\",\"b4589985f1bb4039a84025e1b60cc9c4\",\"1964fea192944ff98da7bc77418da1d5\",\"d663176b740e496ca7c99050fa90148e\",\"3efe459fb41c404f9892ab1b781a1a4d\",\"4d682cfeb8304bf39e667bf42167499a\",\"17e5a5cb15494073b847c0cc1e189baa\",\"c4282a0f2b5f406aa885acc0c2385e74\",\"e07c9c13d9aa46eb9dba6e3cc1250f14\",\"fcff0e22ddb74b0f850b302ac70199ee\",\"593d16821b994237bab5efe6254d5c26\",\"f01edf57ee92445ebd03fdaab65bff7d\",\"f3c226dad87240528c060e2c58ebd4f2\",\"709dbf88925240e5b060ac1b5e0b30ea\",\"3f327b1619b34241b1a8ecf8688bfe84\",\"69d188a9534341fa9fb4fcd5cbc0a981\",\"38bf684d5d1048a89d2bcbdf4278733c\",\"b1465d32a95b45648d13098536607aa8\",\"783cde31731642b99267e3c6d4c378ee\",\"124ee8dcf8a04e85b68de4ea4ca901d2\",\"476dbef5152040668acffbdb5683d49d\",\"c6bfb8c2d70b4b57a7da69b8b20538a4\",\"3da0154b4b4a4303bfc508f3d7e452db\",\"d9c96546f5c74f87a86c3febed252f4b\",\"6bdc1683d3ad44128f1f80bdbf0580e7\",\"08bc9ae261454d43a3d7c59c7e38507c\",\"f3e3b049dd9d4433a5a8dcaf78f38253\",\"ee54fe93fd0b4255a22fefeb2b6de084\"]}','2018-09-13 17:51:23'),('da6662e935a5408ca5301394ab6c32c7','zcc','删除菜单','/system/menu/delete','{\"id\":[\"2cf4fc34f42b40ed9325489629689f9a\"]}','2018-09-12 16:48:48'),('dd98818f864840c6acb2faa7c8e2574a','zcc','用户登录成功','/login/doLogin','','2018-10-08 09:52:26'),('de161a457fbf40a780841e228548ec17','zcc','用户登录成功','/login/doLogin','','2018-08-27 10:06:38'),('e0b6e623726e4f18838ed7fe2ddabbab','zcc','删除菜单','/system/menu/delete','{\"id\":[\"56596b28d126495db2c49fa5cf127a07\"]}','2018-09-27 10:06:24'),('e11075d2b527453a8f79a1233fab7223','zcc','删除菜单','/system/menu/delete','{\"id\":[\"b9cd0a3916fb4c969ecb0157e46be1c0\"]}','2018-08-29 08:52:15'),('e1999a6c8beb4b419bdd673de653a404','zcc','编辑用户','/gm/member/doEdit','{\"id\":[\"2091b0d45d7045abbcaa2e36fb677ee2\"],\"userName\":[\"xuehen1\"],\"password\":[\"\"],\"confpwd\":[\"\"],\"userDesc\":[\"18589046735\"]}','2018-08-27 14:37:09'),('e2457d1aada746b7953d680736ccfb50','zcc','用户登录成功','/login/doLogin','','2018-08-28 16:45:43'),('e2503d7cee844fe6b125ca362a60c110','zcc','用户登录成功','/login/doLogin','','2018-09-27 13:27:47'),('e31d918f5f224c9d890cf03751668e65','zcc','创建用户','/gm/message/doAdd','{\"account\":[\"lili\"],\"content\":[\"0000000001\"]}','2018-09-12 15:55:00'),('e335656dbe0143b194769df1ee284623','zcc','创建用户','/gm/message/doAdd','{\"account\":[\"zcc\"],\"content\":[\"123\"]}','2018-09-12 15:53:36'),('e4c0159610e548219537597cfca609d4','zcc','新增功能菜单','/system/menu/doAddAction','{\"pid\":[\"0b7432ba9e024e6cb7c37e3ed877b315\"],\"code\":[\"080201\"],\"menuName\":[\"查看消息列表\"],\"resource\":[\"listMessage\"],\"sort\":[\"0\"]}','2018-08-28 16:35:25'),('e4ca382aa5484dc1940798a15575ad64','zcc','角色分配权限','/system/role/doAuth','{\"roleId\":[\"b1f9ce5543a049be9f169a3f5e6b72a8\"],\"mid[]\":[\"1\",\"2\",\"d2bc30feb5474a1bb7e02d48d39a3f8a\",\"a73802e513cc4465883530ec8074abbb\",\"4253190001c1480fb0d631d64d150535\",\"649b484b58414d91aefa5a26143e6557\",\"3\",\"1db9105008404a3485b6fac30dba3c0e\",\"60dda993d87647f5989c15f14f866df9\",\"686630c7cb624cc786dcdc9958971a6b\",\"b4e7232189b14cf3ba160cf7b0d3bf37\",\"a5ebf29168234406939856bc6890c86b\",\"f899f3d3baec4571b1c786717f9906fd\",\"4\",\"488ef1eff57b4827acade7c0744278ce\",\"3f26102ef0e04c3c9328cb97067cc5fa\",\"dc5f478d98ed4297a8ae638fe90df050\",\"0c9b5fc8b44b41d1871a8fc8300247ec\",\"22e38e885f9b40b9aae6a36deb78e89c\",\"4e816a9854714d24b0413d929d637a2b\",\"3fb6a7a5935b4efabf3de82e7e1baeb6\",\"363a778e78a346a68210b2590163a943\",\"79d78b8357174cac8f44abd275dec597\",\"5\",\"5d3dd56c16ff4e32aecae1b3228159c7\",\"10\",\"0818e1c76bbd44eba3a698547ec4e637\",\"915c309ebe5047b68645b3eb777dd8c9\",\"f5a20c82110b4a3ea9e30ca01a038680\",\"42dd5ae31e3a43b3a197440e8ec19a94\",\"b27a38f8031f4537b7c3526c4390f0e2\",\"47c48bdbf86c4c87ad5590b49f1db982\",\"5aef278741fc4e7898dc3d1cafdfd1f6\",\"110d45e15ef9454c9620ce0c676d1fcd\",\"6087879c61ab4d7bb718ec62747e4d99\",\"6e53ef7715524378b358884088c46f6b\",\"476dbef5152040668acffbdb5683d49d\",\"c6bfb8c2d70b4b57a7da69b8b20538a4\",\"3da0154b4b4a4303bfc508f3d7e452db\",\"d9c96546f5c74f87a86c3febed252f4b\",\"6bdc1683d3ad44128f1f80bdbf0580e7\",\"08bc9ae261454d43a3d7c59c7e38507c\",\"f3e3b049dd9d4433a5a8dcaf78f38253\",\"ee54fe93fd0b4255a22fefeb2b6de084\",\"60610d001b0f471da0b1ce1ed14eeec5\",\"2cf4fc34f42b40ed9325489629689f9a\",\"b9cd0a3916fb4c969ecb0157e46be1c0\"]}','2018-08-27 14:27:00'),('e52af1f052574401ba8e1e0672eeea39','zcc','编辑菜单','/system/menu/doEdit','{\"id\":[\"1964fea192944ff98da7bc77418da1d5\"],\"pid\":[\"98dcbcab968b4b308d21328fe4c25337\"],\"code\":[\"080302\"],\"menuName\":[\"删除公告\"],\"resource\":[\"deleteNotice\"],\"sort\":[\"3\"]}','2018-09-12 15:17:21'),('e5f253c869cc4262a23f30747ef26620','zcc','删除菜单','/system/menu/delete','{\"id\":[\"c6bfb8c2d70b4b57a7da69b8b20538a4\"]}','2018-09-27 10:08:25'),('e7368c9d85274772b6ff8b95ab5bc09c','zcc','删除菜单','/system/menu/delete','{\"id\":[\"c6bfb8c2d70b4b57a7da69b8b20538a4\"]}','2018-09-27 10:08:49'),('e7f67436f2d247ac9eb1789fc0bb639d','zcc','创建用户','/system/user/doAdd','{\"userName\":[\"lailiyuan\"],\"deptId\":[\"13947a74dd0844b99c958f90375700f0\"],\"password\":[\"lailiyuan\"],\"password2\":[\"lailiyuan\"],\"userDesc\":[\"\"],\"userState\":[\"1\"],\"roleId[]\":[\"87636b1a45a54c078dd841a6cb767023\"]}','2018-09-27 11:44:01'),('e9fcf2454a9e4d50a7f81b437db23420','zcc','新增功能菜单','/system/menu/doAddAction','{\"pid\":[\"47c48bdbf86c4c87ad5590b49f1db982\"],\"code\":[\"080101\"],\"menuName\":[\"新增会员\"],\"resource\":[\"addMember\"],\"sort\":[\"2\"]}','2018-08-27 14:25:09'),('eaace33eb46e472592321bd97f20a942','zcc','用户登录成功','/login/doLogin','','2018-10-09 19:38:55'),('eb96a8f7c1f24d2586afcf6e790b34c3','zcc','用户登录成功','/login/doLogin','','2018-10-09 18:46:21'),('ee8efdc57023428f9e2e2fe9e105f038','zcc','编辑后台参数','/gm/backparam/doEdit','{\"id\":[\"746673e24b3d4164922876a1272b9ef8\"],\"data\":[\"1000,2000,3000,4000\"],\"auto\":[\"1\"]}','2018-09-12 17:19:50'),('f04e905f0dcd4cfaad7679b8b5a93318','zcc','批量删除角色','/gm/notice/deleteBatch','{\"id[]\":[\"on\",\"on\"]}','2018-09-12 15:44:37'),('f09c087336bb4aa08a5c67653f71b029','zcc','用户登录成功','/login/doLogin','','2018-09-27 08:34:58'),('f0f75fa0567a4cfcbc639b830c02ee2d','zcc','角色分配权限','/system/role/doAuth','{\"roleId\":[\"b1f9ce5543a049be9f169a3f5e6b72a8\"],\"mid[]\":[\"1\",\"2\",\"d2bc30feb5474a1bb7e02d48d39a3f8a\",\"a73802e513cc4465883530ec8074abbb\",\"4253190001c1480fb0d631d64d150535\",\"649b484b58414d91aefa5a26143e6557\",\"3\",\"1db9105008404a3485b6fac30dba3c0e\",\"60dda993d87647f5989c15f14f866df9\",\"686630c7cb624cc786dcdc9958971a6b\",\"b4e7232189b14cf3ba160cf7b0d3bf37\",\"a5ebf29168234406939856bc6890c86b\",\"f899f3d3baec4571b1c786717f9906fd\",\"4\",\"488ef1eff57b4827acade7c0744278ce\",\"3f26102ef0e04c3c9328cb97067cc5fa\",\"dc5f478d98ed4297a8ae638fe90df050\",\"0c9b5fc8b44b41d1871a8fc8300247ec\",\"22e38e885f9b40b9aae6a36deb78e89c\",\"4e816a9854714d24b0413d929d637a2b\",\"3fb6a7a5935b4efabf3de82e7e1baeb6\",\"363a778e78a346a68210b2590163a943\",\"79d78b8357174cac8f44abd275dec597\",\"5\",\"5d3dd56c16ff4e32aecae1b3228159c7\",\"10\",\"0818e1c76bbd44eba3a698547ec4e637\",\"915c309ebe5047b68645b3eb777dd8c9\",\"f5a20c82110b4a3ea9e30ca01a038680\",\"42dd5ae31e3a43b3a197440e8ec19a94\",\"b27a38f8031f4537b7c3526c4390f0e2\",\"0b7432ba9e024e6cb7c37e3ed877b315\",\"62a35152b79a41f9a07182632f43cec2\",\"b409daecde9843de9b93c58b7cab2bfc\",\"9302bb94ac494003a4d53d2d4b83a942\",\"47c48bdbf86c4c87ad5590b49f1db982\",\"5aef278741fc4e7898dc3d1cafdfd1f6\",\"110d45e15ef9454c9620ce0c676d1fcd\",\"6087879c61ab4d7bb718ec62747e4d99\",\"6e53ef7715524378b358884088c46f6b\",\"98dcbcab968b4b308d21328fe4c25337\",\"1e05df2b9abe4017804f56fef6a4100f\",\"b4589985f1bb4039a84025e1b60cc9c4\",\"1964fea192944ff98da7bc77418da1d5\",\"476dbef5152040668acffbdb5683d49d\",\"c6bfb8c2d70b4b57a7da69b8b20538a4\",\"3da0154b4b4a4303bfc508f3d7e452db\",\"d9c96546f5c74f87a86c3febed252f4b\",\"6bdc1683d3ad44128f1f80bdbf0580e7\",\"08bc9ae261454d43a3d7c59c7e38507c\",\"f3e3b049dd9d4433a5a8dcaf78f38253\",\"ee54fe93fd0b4255a22fefeb2b6de084\",\"60610d001b0f471da0b1ce1ed14eeec5\",\"2cf4fc34f42b40ed9325489629689f9a\"]}','2018-09-12 15:17:58'),('f102aab3340c46d8a5ff52835fc945e3','zcc','用户登录成功','/login/doLogin','','2018-10-09 15:16:35'),('f160183cac8c4c68a477a8e78c7862a0','zcc','用户登录成功','/login/doLogin','','2018-10-09 19:15:55'),('f52150e95f07480c84cda5abf0f2c88a','zcc','用户登录成功','/login/doLogin','','2018-09-05 14:33:09'),('f9c50d04167041d9ab356578c4c008f3','zcc','用户登录成功','/login/doLogin','','2018-10-08 08:51:38'),('fbe5a4cf065c426592ca87e7556ecd2d','zcc','创建菜单','/system/menu/doAddMenu','{\"pid\":[\"b27a38f8031f4537b7c3526c4390f0e2\"],\"code\":[\"0801\"],\"menuName\":[\"会籍管理\"],\"url\":[\"/gm/member/list/1\"],\"sort\":[\"1\"],\"icon\":[\"fa-file\"]}','2018-08-27 14:21:54'),('fde897de298e490292cd2d28509c0476','zcc','新增功能菜单','/system/menu/doAddAction','{\"pid\":[\"98dcbcab968b4b308d21328fe4c25337\"],\"code\":[\"080302\"],\"menuName\":[\"删除公告\"],\"resource\":[\"editNotice\"],\"sort\":[\"3\"]}','2018-09-12 15:16:43'),('fdf46119ce544c7a8fe9385e2f59b865','zcc','用户登录成功','/login/doLogin','','2018-09-27 11:27:07'),('fdfbe076f3ed402a91cc16346a1b9cd6','zcc','批量删除后台参数','/gm/user/deleteBatch','{\"id[]\":[\"5\",\"6\"]}','2018-09-28 14:40:58'),('febc13ed5e2c423195d2b67b4ef1d123','zcc','创建部门','/system/dept/doAdd','{\"deptName\":[\"测试部\"],\"deptDesc\":[\"\"]}','2018-09-27 11:43:25'),('ffbe58fb038d4e99b1bc8abac5ff4f44','admin','用户登录成功','/login/doLogin','','2018-04-15 11:38:37');

/*Table structure for table `sys_menu` */

DROP TABLE IF EXISTS `sys_menu`;

CREATE TABLE `sys_menu` (
  `id` varchar(50) NOT NULL COMMENT '主键',
  `menuName` varchar(50) NOT NULL COMMENT '菜单名称',
  `pid` varchar(50) NOT NULL COMMENT '父级菜单ID',
  `url` varchar(255) DEFAULT NULL COMMENT '连接地址',
  `icon` varchar(50) DEFAULT NULL COMMENT '图标',
  `sort` int(11) DEFAULT '0' COMMENT '排序',
  `deep` int(11) DEFAULT NULL COMMENT '深度',
  `code` varchar(50) DEFAULT NULL COMMENT '编码',
  `resource` varchar(50) DEFAULT NULL COMMENT '资源名称',
  PRIMARY KEY (`id`)
) ENGINE=InnoDB DEFAULT CHARSET=utf8 COMMENT='菜单表';

/*Data for the table `sys_menu` */

insert  into `sys_menu`(`id`,`menuName`,`pid`,`url`,`icon`,`sort`,`deep`,`code`,`resource`) values ('0818e1c76bbd44eba3a698547ec4e637','查询系统设置','10',NULL,NULL,0,3,'010600','listSetting'),('0b7432ba9e024e6cb7c37e3ed877b315','消息管理','b27a38f8031f4537b7c3526c4390f0e2','/gm/message/list/1','fa-file',1,2,'0802',NULL),('0c9b5fc8b44b41d1871a8fc8300247ec','删除菜单','4',NULL,NULL,4,3,'010303','deleteMenu'),('1','系统管理','0',NULL,'fa fa-cogs',1,1,'01',NULL),('10','系统配置','1','/system/setting/page',' fa-cog',6,2,'0106','setting'),('110d45e15ef9454c9620ce0c676d1fcd','新增会员','47c48bdbf86c4c87ad5590b49f1db982',NULL,NULL,2,3,'080101','addMember'),('124ee8dcf8a04e85b68de4ea4ca901d2','查看投注列表','783cde31731642b99267e3c6d4c378ee',NULL,NULL,1,3,'090100','listPool'),('17e5a5cb15494073b847c0cc1e189baa','编辑参数','d663176b740e496ca7c99050fa90148e',NULL,NULL,3,3,'080402','editBackParam'),('1964fea192944ff98da7bc77418da1d5','删除公告','98dcbcab968b4b308d21328fe4c25337',NULL,NULL,3,3,'080302','deleteNotice'),('1db9105008404a3485b6fac30dba3c0e','查看角色列表','3',NULL,NULL,0,3,'010200','listRole'),('1e05df2b9abe4017804f56fef6a4100f','查看公告列表','98dcbcab968b4b308d21328fe4c25337',NULL,NULL,1,3,'080300','listNotice'),('2','用户管理','1','/system/user/list/1','fa-user-circle-o',1,2,'0101','user'),('22e38e885f9b40b9aae6a36deb78e89c','部门管理','1','/system/dept/list/1','fa-graduation-cap',4,2,'0104','dept'),('3','角色管理','1','/system/role/list/1','fa-users',2,2,'0102','role'),('363a778e78a346a68210b2590163a943','编辑部门','22e38e885f9b40b9aae6a36deb78e89c',NULL,NULL,2,3,'010402','editDept'),('38bf684d5d1048a89d2bcbdf4278733c','编辑交易','709dbf88925240e5b060ac1b5e0b30ea',NULL,NULL,3,3,'080702','editBusiness'),('3efe459fb41c404f9892ab1b781a1a4d','查看参数列表','d663176b740e496ca7c99050fa90148e',NULL,NULL,1,3,'080400','listBackParam'),('3f26102ef0e04c3c9328cb97067cc5fa','创建菜单','4',NULL,NULL,1,3,'010301','addMenu'),('3f327b1619b34241b1a8ecf8688bfe84','查看交易列表','709dbf88925240e5b060ac1b5e0b30ea',NULL,NULL,1,3,'080700','listBusiness'),('3fb6a7a5935b4efabf3de82e7e1baeb6','新增部门','22e38e885f9b40b9aae6a36deb78e89c',NULL,NULL,1,3,'010401','addDept'),('4','菜单管理','1','/system/menu/list/1','fa-list',3,2,'0103','menu'),('4253190001c1480fb0d631d64d150535','编辑用户','2',NULL,NULL,2,3,'010102','editUser'),('42dd5ae31e3a43b3a197440e8ec19a94','监控列表','f5a20c82110b4a3ea9e30ca01a038680',NULL,NULL,1,3,'010701','monitorList'),('47c48bdbf86c4c87ad5590b49f1db982','会籍管理','b27a38f8031f4537b7c3526c4390f0e2','/gm/member/list/1','fa-file',1,2,'0801',NULL),('488ef1eff57b4827acade7c0744278ce','查看菜单列表','4',NULL,NULL,0,3,'010300','listMenu'),('4d682cfeb8304bf39e667bf42167499a','新增参数','d663176b740e496ca7c99050fa90148e',NULL,NULL,2,3,'080401','addBackParam'),('4e816a9854714d24b0413d929d637a2b','查看部门列表','22e38e885f9b40b9aae6a36deb78e89c',NULL,NULL,0,3,'010400','listDept'),('5','业务日志','1','/system/log/list/1','fa-info-circle',5,2,'0105','log'),('593d16821b994237bab5efe6254d5c26','新增用户','e07c9c13d9aa46eb9dba6e3cc1250f14',NULL,NULL,2,3,'080501','addMyUser'),('5aef278741fc4e7898dc3d1cafdfd1f6','查看会籍列表','47c48bdbf86c4c87ad5590b49f1db982',NULL,NULL,1,3,'080100','listMember'),('5d3dd56c16ff4e32aecae1b3228159c7','查看日志列表','5',NULL,NULL,0,3,'010500','listLog'),('6087879c61ab4d7bb718ec62747e4d99','编辑会员','47c48bdbf86c4c87ad5590b49f1db982',NULL,NULL,3,3,'080102','editMember'),('60dda993d87647f5989c15f14f866df9','新增角色','3',NULL,NULL,1,3,'010201','addRole'),('62a35152b79a41f9a07182632f43cec2','查看消息列表','0b7432ba9e024e6cb7c37e3ed877b315',NULL,NULL,0,3,'080201','listMessage'),('6453e7b021be478f8dc48f1c36e206d9','新增任务','7b605a383580403d842c925feae7caff',NULL,NULL,2,3,'080601','addTask'),('649b484b58414d91aefa5a26143e6557','删除用户','2',NULL,NULL,3,3,'010103','deleteUser'),('686630c7cb624cc786dcdc9958971a6b','编辑角色','3',NULL,NULL,2,3,'010202','editRole'),('69d188a9534341fa9fb4fcd5cbc0a981','增加交易','709dbf88925240e5b060ac1b5e0b30ea',NULL,NULL,2,3,'080701','addBusiness'),('6e53ef7715524378b358884088c46f6b','删除会员','47c48bdbf86c4c87ad5590b49f1db982',NULL,NULL,4,3,'080103','deleteMember'),('709dbf88925240e5b060ac1b5e0b30ea','交易管理','b27a38f8031f4537b7c3526c4390f0e2','/gm/business/list/1','fa-file',7,2,'0807',NULL),('783cde31731642b99267e3c6d4c378ee','投注管理','a202f8d52b66415289f0308e3cb6e35e','/gm/pool/list/1','fa-file',1,2,'0901',NULL),('79d78b8357174cac8f44abd275dec597','删除部门','22e38e885f9b40b9aae6a36deb78e89c',NULL,NULL,3,3,'010403','deleteDept'),('7b605a383580403d842c925feae7caff','任务管理','b27a38f8031f4537b7c3526c4390f0e2','/gm/task/list/1','fa-file',1,2,'0806',NULL),('915c309ebe5047b68645b3eb777dd8c9','操作系统设置','10',NULL,NULL,1,3,'010601','doSetting'),('9302bb94ac494003a4d53d2d4b83a942','删除列表','0b7432ba9e024e6cb7c37e3ed877b315',NULL,NULL,2,3,'080203','deleteMessage'),('98dcbcab968b4b308d21328fe4c25337','公告管理','b27a38f8031f4537b7c3526c4390f0e2','/gm/notice/list/1','fa-file',1,2,'0803',NULL),('9fb2c8e2be214dbcac7612ea7cbddf87','查看任务列表','7b605a383580403d842c925feae7caff',NULL,NULL,1,3,'080600','listTask'),('a202f8d52b66415289f0308e3cb6e35e','数据统计','0',NULL,'fa-folder',3,1,'09',NULL),('a5ebf29168234406939856bc6890c86b','角色授权','3',NULL,NULL,4,3,'010204','authRole'),('a73802e513cc4465883530ec8074abbb','新增用户','2',NULL,NULL,1,3,'010101','addUser'),('b1465d32a95b45648d13098536607aa8','删除交易','709dbf88925240e5b060ac1b5e0b30ea',NULL,NULL,4,3,'080703','deleteBusiness'),('b27a38f8031f4537b7c3526c4390f0e2','会员管理','0',NULL,'fa-folder',1,1,'08',NULL),('b409daecde9843de9b93c58b7cab2bfc','新增列表','0b7432ba9e024e6cb7c37e3ed877b315',NULL,NULL,1,3,'080202','addMessage'),('b4589985f1bb4039a84025e1b60cc9c4','新增公告','98dcbcab968b4b308d21328fe4c25337',NULL,NULL,2,3,'080301','addNotice'),('b4e7232189b14cf3ba160cf7b0d3bf37','删除角色','3',NULL,NULL,3,3,'010203','deleteRole'),('c4282a0f2b5f406aa885acc0c2385e74','删除参数','d663176b740e496ca7c99050fa90148e',NULL,NULL,4,3,'080403','deleteBackParam'),('d2bc30feb5474a1bb7e02d48d39a3f8a','查看用户列表','2',NULL,NULL,0,3,'010100','listUser'),('d663176b740e496ca7c99050fa90148e','后台参数管理','b27a38f8031f4537b7c3526c4390f0e2','/gm/backparam/list/1','fa-file',1,2,'0804',NULL),('dc5f478d98ed4297a8ae638fe90df050','编辑菜单','4',NULL,NULL,3,3,'010302','editMenu'),('e07c9c13d9aa46eb9dba6e3cc1250f14','用户管理','b27a38f8031f4537b7c3526c4390f0e2','/gm/user/list/1','fa-file',1,2,'0805',NULL),('e1315fc2c1e049cf97aec042b35a4eee','编辑任务','7b605a383580403d842c925feae7caff',NULL,NULL,3,3,'080602','editTask'),('ee9392dc124143419d4a687feda3197c','删除任务','7b605a383580403d842c925feae7caff',NULL,NULL,4,3,'080603','deleteTask'),('f01edf57ee92445ebd03fdaab65bff7d','编辑用户','e07c9c13d9aa46eb9dba6e3cc1250f14',NULL,NULL,3,3,'080502','editMyUser'),('f3c226dad87240528c060e2c58ebd4f2','删除用户','e07c9c13d9aa46eb9dba6e3cc1250f14',NULL,NULL,4,3,'080503','deleteMyUser'),('f5a20c82110b4a3ea9e30ca01a038680','系统监控','1','/system/monitor/list','fa-eye',7,2,'0107',NULL),('f899f3d3baec4571b1c786717f9906fd','批量删除角色','3',NULL,NULL,5,3,'010205','deleteBatchRole'),('fcff0e22ddb74b0f850b302ac70199ee','查看用户列表','e07c9c13d9aa46eb9dba6e3cc1250f14',NULL,NULL,1,3,'080500','listMyUser');

/*Table structure for table `sys_role` */

DROP TABLE IF EXISTS `sys_role`;

CREATE TABLE `sys_role` (
  `id` varchar(50) NOT NULL COMMENT '主键',
  `roleName` varchar(50) NOT NULL COMMENT '角色名称',
  `roleDesc` varchar(300) DEFAULT NULL COMMENT '角色描述',
  `roleState` int(2) DEFAULT '1' COMMENT '状态,1-启用,-1禁用',
  `createTime` datetime DEFAULT NULL COMMENT '创建时间',
  PRIMARY KEY (`id`)
) ENGINE=InnoDB DEFAULT CHARSET=utf8 COMMENT='角色表';

/*Data for the table `sys_role` */

insert  into `sys_role`(`id`,`roleName`,`roleDesc`,`roleState`,`createTime`) values ('6a2994e4788a44f0973b5ca6ac4b6d73','运营人员','',1,'2018-04-12 18:41:40'),('87636b1a45a54c078dd841a6cb767023','测试角色','',1,'2018-09-27 11:43:36'),('b1f9ce5543a049be9f169a3f5e6b72a8','超级管理员','超级管理员',1,'2017-09-14 15:02:16');

/*Table structure for table `sys_role_menu` */

DROP TABLE IF EXISTS `sys_role_menu`;

CREATE TABLE `sys_role_menu` (
  `id` varchar(50) NOT NULL COMMENT '主键',
  `roleId` varchar(50) NOT NULL COMMENT '角色主键',
  `menuId` varchar(50) NOT NULL COMMENT '菜单主键',
  PRIMARY KEY (`id`)
) ENGINE=InnoDB DEFAULT CHARSET=utf8 COMMENT='角色菜单关联表';

/*Data for the table `sys_role_menu` */

insert  into `sys_role_menu`(`id`,`roleId`,`menuId`) values ('0005b3ceb8f749bb8aca4033b9e0bb88','b1f9ce5543a049be9f169a3f5e6b72a8','593d16821b994237bab5efe6254d5c26'),('00860a2244f141eb9c93c24f720cc079','b1f9ce5543a049be9f169a3f5e6b72a8','f5a20c82110b4a3ea9e30ca01a038680'),('03e27570f82e42dda9182083549b84a2','b1f9ce5543a049be9f169a3f5e6b72a8','3f327b1619b34241b1a8ecf8688bfe84'),('04996facdd594acc93d4afb0092aaf23','b1f9ce5543a049be9f169a3f5e6b72a8','3f26102ef0e04c3c9328cb97067cc5fa'),('05bda2d3f79d48078d84e1fa59f01023','b1f9ce5543a049be9f169a3f5e6b72a8','4d682cfeb8304bf39e667bf42167499a'),('0c3c352f0d364a5ab18769ab8380cb0c','b1f9ce5543a049be9f169a3f5e6b72a8','363a778e78a346a68210b2590163a943'),('0cac9f03d5c64f5b9cda74a10077aa83','b1f9ce5543a049be9f169a3f5e6b72a8','b4589985f1bb4039a84025e1b60cc9c4'),('0cd793bb68c74a219ff090128553bfc6','b1f9ce5543a049be9f169a3f5e6b72a8','3fb6a7a5935b4efabf3de82e7e1baeb6'),('140f7b88a9f54cfaac97398f916b97ad','b1f9ce5543a049be9f169a3f5e6b72a8','b409daecde9843de9b93c58b7cab2bfc'),('18e5de3eddbc442882720b9040b4a376','b1f9ce5543a049be9f169a3f5e6b72a8','b4e7232189b14cf3ba160cf7b0d3bf37'),('24b6fb9d23a04767a7f7afc91d202b4d','b1f9ce5543a049be9f169a3f5e6b72a8','69d188a9534341fa9fb4fcd5cbc0a981'),('288383fdf9d64102b0faff5d7ee3c0f1','b1f9ce5543a049be9f169a3f5e6b72a8','79d78b8357174cac8f44abd275dec597'),('28c6e475ba3b4d9b9e074a54903b89f3','b1f9ce5543a049be9f169a3f5e6b72a8','7b605a383580403d842c925feae7caff'),('2f33c65860844318a8b51c4897014021','b1f9ce5543a049be9f169a3f5e6b72a8','1964fea192944ff98da7bc77418da1d5'),('31bc188f32544f0b974e4f33727fc2cb','b1f9ce5543a049be9f169a3f5e6b72a8','f01edf57ee92445ebd03fdaab65bff7d'),('37d73b5103bc4bc2ba45df5239059ff8','b1f9ce5543a049be9f169a3f5e6b72a8','f3c226dad87240528c060e2c58ebd4f2'),('39fd229960374d629e6e2aa642d2324c','b1f9ce5543a049be9f169a3f5e6b72a8','38bf684d5d1048a89d2bcbdf4278733c'),('3daac0c84dba4a09a2fbba2f66b053bb','b1f9ce5543a049be9f169a3f5e6b72a8','0818e1c76bbd44eba3a698547ec4e637'),('3e07f77465cb48c49404efe8ada960c4','b1f9ce5543a049be9f169a3f5e6b72a8','e1315fc2c1e049cf97aec042b35a4eee'),('4bdaca87600c45eb8da48e7816689c67','b1f9ce5543a049be9f169a3f5e6b72a8','98dcbcab968b4b308d21328fe4c25337'),('4d70cd491885471da0ad8cded7108207','b1f9ce5543a049be9f169a3f5e6b72a8','3efe459fb41c404f9892ab1b781a1a4d'),('509a890c89114f638480f9d43e28538a','b1f9ce5543a049be9f169a3f5e6b72a8','3'),('545318afad834185b8737ce9f5191d8f','b1f9ce5543a049be9f169a3f5e6b72a8','17e5a5cb15494073b847c0cc1e189baa'),('54f124a051f64f06be37f89dc5b45178','b1f9ce5543a049be9f169a3f5e6b72a8','42dd5ae31e3a43b3a197440e8ec19a94'),('573bd601f51143259e1545084d3ad529','b1f9ce5543a049be9f169a3f5e6b72a8','1'),('57779a5b40bd40b995c447f0a6e0a06b','6a2994e4788a44f0973b5ca6ac4b6d73','08bc9ae261454d43a3d7c59c7e38507c'),('5a9b5bacff2d4f2a8c6352256f6f6a38','b1f9ce5543a049be9f169a3f5e6b72a8','a73802e513cc4465883530ec8074abbb'),('5d66fae311024fc098198b4c9f702a9d','b1f9ce5543a049be9f169a3f5e6b72a8','5'),('5dc5112fb7534884a72ba5ed3b7765c5','6a2994e4788a44f0973b5ca6ac4b6d73','3da0154b4b4a4303bfc508f3d7e452db'),('5e901465ddb44fb7bf49bdff0d099506','b1f9ce5543a049be9f169a3f5e6b72a8','0c9b5fc8b44b41d1871a8fc8300247ec'),('658657fc9a6f45b888376f8de452c49b','b1f9ce5543a049be9f169a3f5e6b72a8','915c309ebe5047b68645b3eb777dd8c9'),('688eed350fee42fabfdd64bfc1db15ba','b1f9ce5543a049be9f169a3f5e6b72a8','d2bc30feb5474a1bb7e02d48d39a3f8a'),('703e5a5c6063458aa37561257564c926','b1f9ce5543a049be9f169a3f5e6b72a8','b1465d32a95b45648d13098536607aa8'),('74914c7a11ca4ef29847586f27b6c3ac','6a2994e4788a44f0973b5ca6ac4b6d73','c6bfb8c2d70b4b57a7da69b8b20538a4'),('7b38071bd16241bf8103f3960b69a46b','b1f9ce5543a049be9f169a3f5e6b72a8','5d3dd56c16ff4e32aecae1b3228159c7'),('8490e40c2d8e4437be83ef1b2ece007a','b1f9ce5543a049be9f169a3f5e6b72a8','4'),('84cbda259e5549f7bf7f545f8d4df7c7','b1f9ce5543a049be9f169a3f5e6b72a8','f899f3d3baec4571b1c786717f9906fd'),('878970d2410342faa7835b4041ea37f3','b1f9ce5543a049be9f169a3f5e6b72a8','22e38e885f9b40b9aae6a36deb78e89c'),('895ad5e745ee4cdfab2697ea494295b4','b1f9ce5543a049be9f169a3f5e6b72a8','ee9392dc124143419d4a687feda3197c'),('8a58fa600f5d453d95489ec512457554','b1f9ce5543a049be9f169a3f5e6b72a8','686630c7cb624cc786dcdc9958971a6b'),('8c6e917c832d4ec986bf04bcc9597ddc','6a2994e4788a44f0973b5ca6ac4b6d73','ee54fe93fd0b4255a22fefeb2b6de084'),('8e24dd513d3c43e79fb71b82cc78ad5d','b1f9ce5543a049be9f169a3f5e6b72a8','60dda993d87647f5989c15f14f866df9'),('8ec53a35f75b4b918fbeb4438674a92e','b1f9ce5543a049be9f169a3f5e6b72a8','a202f8d52b66415289f0308e3cb6e35e'),('9319088bb3814475a7d85dc1e7e2be89','b1f9ce5543a049be9f169a3f5e6b72a8','709dbf88925240e5b060ac1b5e0b30ea'),('9663b94e89ea4a40ad8ce4a7c9e8602c','b1f9ce5543a049be9f169a3f5e6b72a8','10'),('a2902ebf93864380afa099dc285e114e','6a2994e4788a44f0973b5ca6ac4b6d73','476dbef5152040668acffbdb5683d49d'),('a2bd62827fbd4d519817289a3209a8f2','b1f9ce5543a049be9f169a3f5e6b72a8','0b7432ba9e024e6cb7c37e3ed877b315'),('abd6cef52e5f4a17bf22e176885f4aa1','b1f9ce5543a049be9f169a3f5e6b72a8','1db9105008404a3485b6fac30dba3c0e'),('aecb7e50029b439ca1a23358d77bfb4b','b1f9ce5543a049be9f169a3f5e6b72a8','62a35152b79a41f9a07182632f43cec2'),('af1ac01b32c745c78bd76be55320885c','6a2994e4788a44f0973b5ca6ac4b6d73','6bdc1683d3ad44128f1f80bdbf0580e7'),('afb91569073b40bfa170cbec2d204c96','b1f9ce5543a049be9f169a3f5e6b72a8','2'),('b330bd5ae23f4dd2809734da7f44fc5a','b1f9ce5543a049be9f169a3f5e6b72a8','649b484b58414d91aefa5a26143e6557'),('b428c376eb874f498d10d0fe5206594a','6a2994e4788a44f0973b5ca6ac4b6d73','f3e3b049dd9d4433a5a8dcaf78f38253'),('b45103779b64489f8149c7e3f9bb7c3d','b1f9ce5543a049be9f169a3f5e6b72a8','a5ebf29168234406939856bc6890c86b'),('b4ccbab31fdd43f1a4c495f1d3e994b0','b1f9ce5543a049be9f169a3f5e6b72a8','d663176b740e496ca7c99050fa90148e'),('b9b909bf29a14c1ea342cc40f3dd1405','b1f9ce5543a049be9f169a3f5e6b72a8','e07c9c13d9aa46eb9dba6e3cc1250f14'),('bdcaf2e03a8343bd9c3ce4b6a353ee3b','b1f9ce5543a049be9f169a3f5e6b72a8','dc5f478d98ed4297a8ae638fe90df050'),('bfe5b903a0484991adbde4cb7056329c','b1f9ce5543a049be9f169a3f5e6b72a8','9302bb94ac494003a4d53d2d4b83a942'),('c30d43656ec34d999d7268cceafaefc2','b1f9ce5543a049be9f169a3f5e6b72a8','783cde31731642b99267e3c6d4c378ee'),('c9a0a3d97f9d4e76b7d4b460e4ef97b0','b1f9ce5543a049be9f169a3f5e6b72a8','124ee8dcf8a04e85b68de4ea4ca901d2'),('cfdcc002fbea4b10b011742159686ba7','b1f9ce5543a049be9f169a3f5e6b72a8','6453e7b021be478f8dc48f1c36e206d9'),('d1037ca98e534d9585c4c343f3fa0660','b1f9ce5543a049be9f169a3f5e6b72a8','fcff0e22ddb74b0f850b302ac70199ee'),('d46e82e549674dd8ace014447cde2c4c','6a2994e4788a44f0973b5ca6ac4b6d73','d9c96546f5c74f87a86c3febed252f4b'),('ebf0f1b7ccdc4e0f982fa82bbe26bbc2','b1f9ce5543a049be9f169a3f5e6b72a8','9fb2c8e2be214dbcac7612ea7cbddf87'),('f683ef357ff64268815daa82c48fe542','b1f9ce5543a049be9f169a3f5e6b72a8','b27a38f8031f4537b7c3526c4390f0e2'),('f703e9099a89453c8c30acbbc78b3d10','b1f9ce5543a049be9f169a3f5e6b72a8','1e05df2b9abe4017804f56fef6a4100f'),('f930c648a30445e386a3db20416baf2e','b1f9ce5543a049be9f169a3f5e6b72a8','4253190001c1480fb0d631d64d150535'),('fc0b1ea2d215425ab97fd7b646a912d4','b1f9ce5543a049be9f169a3f5e6b72a8','488ef1eff57b4827acade7c0744278ce'),('fc5cbb42dd0e4555831ea0ba4bfbe05b','b1f9ce5543a049be9f169a3f5e6b72a8','4e816a9854714d24b0413d929d637a2b');

/*Table structure for table `sys_setting` */

DROP TABLE IF EXISTS `sys_setting`;

CREATE TABLE `sys_setting` (
  `Id` varchar(50) NOT NULL COMMENT '主键',
  `sysKey` varchar(50) NOT NULL COMMENT 'KEY',
  `sysName` varchar(50) NOT NULL COMMENT '名称',
  `sysValue` varchar(300) DEFAULT NULL COMMENT '值',
  `sort` int(11) DEFAULT '0' COMMENT '排序',
  `sysDesc` varchar(300) DEFAULT NULL COMMENT '说明',
  PRIMARY KEY (`Id`)
) ENGINE=InnoDB DEFAULT CHARSET=utf8 COMMENT='系统设置表';

/*Data for the table `sys_setting` */

insert  into `sys_setting`(`Id`,`sysKey`,`sysName`,`sysValue`,`sort`,`sysDesc`) values ('1','systemName','系统名称','PK10后台管理系统',0,NULL),('2','systemSubName','系统简称','后台管理系统V1.0',1,NULL),('3','bottomCopyright','许可说明','Copyright © 2018 小月科技有限公司. All rights reserved.',2,NULL);

/*Table structure for table `sys_user` */

DROP TABLE IF EXISTS `sys_user`;

CREATE TABLE `sys_user` (
  `id` varchar(50) NOT NULL COMMENT '主键',
  `userName` varchar(50) NOT NULL COMMENT '用户名',
  `password` varchar(50) NOT NULL COMMENT '密码',
  `userState` int(2) NOT NULL DEFAULT '1' COMMENT '用户状态,1-启用,-1禁用',
  `createTime` datetime DEFAULT NULL COMMENT '创建时间',
  `userDesc` varchar(300) DEFAULT NULL COMMENT '描述',
  `userImg` varchar(300) DEFAULT 'http://news.mydrivers.com/Img/20110518/04481549.png' COMMENT '头像',
  `deptId` varchar(50) DEFAULT NULL COMMENT '部门主键',
  PRIMARY KEY (`id`)
) ENGINE=InnoDB DEFAULT CHARSET=utf8 COMMENT='用户表';

/*Data for the table `sys_user` */

insert  into `sys_user`(`id`,`userName`,`password`,`userState`,`createTime`,`userDesc`,`userImg`,`deptId`) values ('45300712cbc343d3998a065164b72067','zhangbaochun','2512a468e49402cbf91e9b8ff422e855',1,'2018-04-12 18:42:05','','http://news.mydrivers.com/Img/20110518/04481549.png','9a329b597d754c4180c6b40cdfb0f565'),('b37529808b6642cd8d45f8eef5e97d5c','zcc','fe785e7fab65b451c81e4b876c8216d8',1,'2018-08-20 17:37:13','zcc','/upload/2018-10-09/dmqfqc4tw3oderiove9rzbt1pblecll9.jpg','9a329b597d754c4180c6b40cdfb0f565'),('c79ba431f9f74dfbae585b87b0cde933','admin','038bdaf98f2037b31f1e75b5b4c9b26e',1,'2017-09-14 15:02:17','','/upload/2018-04-15/lldmpzm6djga9rdu5nuljj856tow5wjv.png','9a329b597d754c4180c6b40cdfb0f565');

/*Table structure for table `sys_user_role` */

DROP TABLE IF EXISTS `sys_user_role`;

CREATE TABLE `sys_user_role` (
  `Id` varchar(50) NOT NULL COMMENT '主键',
  `userId` varchar(50) NOT NULL COMMENT '用户主键',
  `roleId` varchar(50) NOT NULL COMMENT '角色主键',
  PRIMARY KEY (`Id`)
) ENGINE=InnoDB DEFAULT CHARSET=utf8 COMMENT='用户角色关联表';

/*Data for the table `sys_user_role` */

insert  into `sys_user_role`(`Id`,`userId`,`roleId`) values ('b63941907fd046fab09ce0930489bbe2','c79ba431f9f74dfbae585b87b0cde933','b1f9ce5543a049be9f169a3f5e6b72a8'),('cc57a825df4f4a15a417be1e58cc4ae7','45300712cbc343d3998a065164b72067','6a2994e4788a44f0973b5ca6ac4b6d73'),('de0a6f46c84b413094f770810243a33a','b37529808b6642cd8d45f8eef5e97d5c','b1f9ce5543a049be9f169a3f5e6b72a8');

/*!40101 SET SQL_MODE=@OLD_SQL_MODE */;
/*!40014 SET FOREIGN_KEY_CHECKS=@OLD_FOREIGN_KEY_CHECKS */;
/*!40014 SET UNIQUE_CHECKS=@OLD_UNIQUE_CHECKS */;
/*!40111 SET SQL_NOTES=@OLD_SQL_NOTES */;
